Year,Platform,Genre,Game_Count
2020.0,DS,Simulation,1
2017.0,PSFour,Role Playing,1
2017.0,PSV,Action,1
2016.0,PSFour,Action,29
2016.0,PSV,Action,21
2016.0,PSV,Adventure,15
2016.0,PSFour,Shooter,12
2016.0,ThreeDS,Action,12
2016.0,PSFour,Sports,11
2016.0,PSFour,Role Playing,10
2016.0,PC,Strategy,7
2016.0,PSFour,Racing,7
2016.0,PSV,Role Playing,7
2016.0,PSFour,Fighting,6
2016.0,PSFour,Adventure,5
2016.0,ThreeDS,Role Playing,5
2016.0,ThreeDS,Adventure,4
2016.0,ThreeDS,Misc,4
2016.0,PC,Simulation,3
2016.0,PSFour,Misc,3
2016.0,PSFour,Platform,3
2016.0,PSFour,Simulation,3
2016.0,XOne,Action,3
2016.0,PSThree,Misc,2
2016.0,PSV,Misc,2
2016.0,PSV,Sports,2
2016.0,ThreeDS,Platform,2
2016.0,ThreeDS,Simulation,2
2016.0,PC,Adventure,1
2016.0,PC,Role Playing,1
2016.0,PSThree,Action,1
2016.0,PSThree,Shooter,1
2016.0,PSThree,Sports,1
2016.0,PSV,Fighting,1
2016.0,ThreeDS,Fighting,1
2016.0,ThreeDS,Strategy,1
2016.0,WiiU,Action,1
2016.0,WiiU,Fighting,1
2016.0,WiiU,Shooter,1
2016.0,XOne,Racing,1
2016.0,XOne,Simulation,1
2016.0,XOne,Sports,1
2015.0,PSV,Action,45
2015.0,PSFour,Action,35
2015.0,ThreeDS,Action,31
2015.0,PSV,Adventure,19
2015.0,PSV,Role Playing,17
2015.0,PSFour,Role Playing,15
2015.0,PSThree,Action,13
2015.0,PSFour,Sports,12
2015.0,ThreeDS,Role Playing,12
2015.0,PSFour,Shooter,10
2015.0,ThreeDS,Misc,10
2015.0,PC,Strategy,7
2015.0,PSFour,Fighting,7
2015.0,PC,Simulation,6
2015.0,PSFour,Adventure,5
2015.0,PSFour,Racing,5
2015.0,PSV,Misc,5
2015.0,WiiU,Misc,5
2015.0,PC,Action,4
2015.0,ThreeDS,Puzzle,4
2015.0,WiiU,Action,4
2015.0,PSThree,Sports,3
2015.0,PSV,Strategy,3
2015.0,ThreeDS,Platform,3
2015.0,ThreeDS,Simulation,3
2015.0,ThreeDS,Strategy,3
2015.0,WiiU,Platform,3
2015.0,WiiU,Role Playing,3
2015.0,XOne,Misc,3
2015.0,XThreeSixZero,Action,3
2015.0,PC,Misc,2
2015.0,PSFour,Misc,2
2015.0,PSP,Action,2
2015.0,PSThree,Adventure,2
2015.0,PSV,Platform,2
2015.0,ThreeDS,Adventure,2
2015.0,ThreeDS,Fighting,2
2015.0,XOne,Shooter,2
2015.0,PC,Adventure,1
2015.0,PSFour,Platform,1
2015.0,PSFour,Puzzle,1
2015.0,PSFour,Simulation,1
2015.0,PSFour,Strategy,1
2015.0,PSThree,Misc,1
2015.0,PSThree,Role Playing,1
2015.0,PSV,Racing,1
2015.0,PSV,Simulation,1
2015.0,ThreeDS,Sports,1
2015.0,Wii,Action,1
2015.0,Wii,Misc,1
2015.0,WiiU,Shooter,1
2015.0,WiiU,Sports,1
2015.0,XOne,Adventure,1
2015.0,XOne,Racing,1
2015.0,XOne,Strategy,1
2015.0,XThreeSixZero,Adventure,1
2015.0,XThreeSixZero,Platform,1
2015.0,XThreeSixZero,Sports,1
2014.0,PSV,Adventure,23
2014.0,PSFour,Action,18
2014.0,PSV,Role Playing,18
2014.0,ThreeDS,Action,18
2014.0,ThreeDS,Role Playing,16
2014.0,PSV,Action,13
2014.0,PSFour,Sports,11
2014.0,PSThree,Action,10
2014.0,PSThree,Fighting,9
2014.0,PSThree,Role Playing,9
2014.0,ThreeDS,Adventure,9
2014.0,PSV,Misc,7
2014.0,PSFour,Shooter,6
2014.0,WiiU,Action,6
2014.0,PSFour,Role Playing,5
2014.0,PSThree,Adventure,5
2014.0,ThreeDS,Misc,5
2014.0,XThreeSixZero,Action,5
2014.0,PSFour,Racing,4
2014.0,PSP,Adventure,4
2014.0,PSThree,Sports,4
2014.0,ThreeDS,Simulation,4
2014.0,XOne,Misc,4
2014.0,PC,Role Playing,3
2014.0,PC,Simulation,3
2014.0,PSFour,Adventure,3
2014.0,PSThree,Racing,3
2014.0,ThreeDS,Puzzle,3
2014.0,ThreeDS,Strategy,3
2014.0,XOne,Shooter,3
2014.0,PC,Action,2
2014.0,PSFour,Misc,2
2014.0,PSFour,Platform,2
2014.0,PSP,Action,2
2014.0,PSThree,Shooter,2
2014.0,ThreeDS,Fighting,2
2014.0,ThreeDS,Platform,2
2014.0,ThreeDS,Sports,2
2014.0,WiiU,Misc,2
2014.0,XThreeSixZero,Racing,2
2014.0,XThreeSixZero,Shooter,2
2014.0,DS,Action,1
2014.0,PC,Strategy,1
2014.0,PSP,Misc,1
2014.0,PSThree,Misc,1
2014.0,PSThree,Platform,1
2014.0,PSThree,Simulation,1
2014.0,PSThree,Strategy,1
2014.0,PSV,Fighting,1
2014.0,PSV,Platform,1
2014.0,PSV,Puzzle,1
2014.0,PSV,Simulation,1
2014.0,PSV,Strategy,1
2014.0,Wii,Action,1
2014.0,Wii,Adventure,1
2014.0,Wii,Misc,1
2014.0,WiiU,Platform,1
2014.0,WiiU,Puzzle,1
2014.0,WiiU,Racing,1
2014.0,WiiU,Sports,1
2014.0,XOne,Adventure,1
2014.0,XOne,Racing,1
2014.0,XOne,Sports,1
2014.0,XThreeSixZero,Adventure,1
2013.0,PSP,Adventure,28
2013.0,PSThree,Action,23
2013.0,ThreeDS,Action,21
2013.0,ThreeDS,Role Playing,16
2013.0,PSThree,Role Playing,14
2013.0,PSV,Role Playing,13
2013.0,ThreeDS,Misc,11
2013.0,XThreeSixZero,Shooter,11
2013.0,PSThree,Shooter,9
2013.0,PSThree,Sports,9
2013.0,PSV,Adventure,7
2013.0,PSP,Misc,6
2013.0,PSThree,Adventure,6
2013.0,PSThree,Fighting,6
2013.0,ThreeDS,Adventure,6
2013.0,XThreeSixZero,Action,6
2013.0,PSP,Role Playing,5
2013.0,PSV,Action,5
2013.0,PSP,Action,4
2013.0,ThreeDS,Platform,4
2013.0,ThreeDS,Simulation,4
2013.0,Wii,Misc,4
2013.0,XThreeSixZero,Sports,4
2013.0,PC,Adventure,3
2013.0,PC,Simulation,3
2013.0,PC,Strategy,3
2013.0,PSThree,Misc,3
2013.0,PSThree,Racing,3
2013.0,PSThree,Simulation,3
2013.0,WiiU,Action,3
2013.0,WiiU,Misc,3
2013.0,DS,Action,2
2013.0,DS,Platform,2
2013.0,PSFour,Platform,2
2013.0,PSThree,Platform,2
2013.0,PSThree,Strategy,2
2013.0,PSV,Misc,2
2013.0,ThreeDS,Strategy,2
2013.0,WiiU,Platform,2
2013.0,WiiU,Sports,2
2013.0,XOne,Action,2
2013.0,XOne,Fighting,2
2013.0,DS,Simulation,1
2013.0,DS,Sports,1
2013.0,PC,Platform,1
2013.0,PC,Shooter,1
2013.0,PC,Sports,1
2013.0,PSFour,Racing,1
2013.0,PSFour,Shooter,1
2013.0,PSFour,Sports,1
2013.0,PSP,Fighting,1
2013.0,PSP,Sports,1
2013.0,PSP,Strategy,1
2013.0,PSV,Fighting,1
2013.0,PSV,Shooter,1
2013.0,PSV,Strategy,1
2013.0,ThreeDS,Fighting,1
2013.0,ThreeDS,Puzzle,1
2013.0,ThreeDS,Shooter,1
2013.0,ThreeDS,Sports,1
2013.0,Wii,Action,1
2013.0,Wii,Platform,1
2013.0,Wii,Strategy,1
2013.0,WiiU,Puzzle,1
2013.0,WiiU,Strategy,1
2013.0,XOne,Racing,1
2013.0,XOne,Simulation,1
2013.0,XThreeSixZero,Fighting,1
2013.0,XThreeSixZero,Misc,1
2013.0,XThreeSixZero,Racing,1
2012.0,PSP,Action,44
2012.0,PSThree,Action,42
2012.0,ThreeDS,Action,34
2012.0,PSP,Adventure,16
2012.0,ThreeDS,Role Playing,16
2012.0,PSP,Role Playing,15
2012.0,PSThree,Shooter,14
2012.0,XThreeSixZero,Action,14
2012.0,PSV,Action,12
2012.0,DS,Action,9
2012.0,PSThree,Adventure,9
2012.0,PSThree,Fighting,8
2012.0,PSThree,Role Playing,8
2012.0,PSThree,Sports,8
2012.0,Wii,Misc,8
2012.0,ThreeDS,Misc,7
2012.0,Wii,Action,7
2012.0,XThreeSixZero,Sports,7
2012.0,PC,Strategy,6
2012.0,WiiU,Action,6
2012.0,ThreeDS,Adventure,5
2012.0,ThreeDS,Simulation,5
2012.0,XThreeSixZero,Racing,5
2012.0,XThreeSixZero,Shooter,5
2012.0,DS,Puzzle,4
2012.0,PC,Role Playing,4
2012.0,PSThree,Simulation,4
2012.0,ThreeDS,Puzzle,4
2012.0,XThreeSixZero,Role Playing,4
2012.0,PC,Action,3
2012.0,PC,Adventure,3
2012.0,PSP,Strategy,3
2012.0,PSThree,Misc,3
2012.0,PSThree,Racing,3
2012.0,PSThree,Strategy,3
2012.0,PSV,Adventure,3
2012.0,PSV,Racing,3
2012.0,PSV,Role Playing,3
2012.0,ThreeDS,Platform,3
2012.0,WiiU,Misc,3
2012.0,XThreeSixZero,Misc,3
2012.0,DS,Adventure,2
2012.0,DS,Role Playing,2
2012.0,PC,Puzzle,2
2012.0,PC,Simulation,2
2012.0,PSP,Fighting,2
2012.0,PSP,Sports,2
2012.0,PSThree,Platform,2
2012.0,PSV,Misc,2
2012.0,PSV,Shooter,2
2012.0,ThreeDS,Sports,2
2012.0,Wii,Role Playing,2
2012.0,XThreeSixZero,Fighting,2
2012.0,DS,Misc,1
2012.0,DS,Platform,1
2012.0,PC,Misc,1
2012.0,PC,Sports,1
2012.0,PSP,Misc,1
2012.0,PSV,Fighting,1
2012.0,PSV,Platform,1
2012.0,PSV,Sports,1
2012.0,ThreeDS,Fighting,1
2012.0,ThreeDS,Shooter,1
2012.0,Wii,Puzzle,1
2012.0,Wii,Racing,1
2012.0,Wii,Simulation,1
2012.0,WiiU,Platform,1
2012.0,WiiU,Sports,1
2012.0,XThreeSixZero,Adventure,1
2012.0,XThreeSixZero,Simulation,1
2011.0,PSP,Adventure,46
2011.0,Wii,Misc,45
2011.0,PSThree,Action,40
2011.0,PSP,Role Playing,31
2011.0,DS,Misc,30
2011.0,XThreeSixZero,Shooter,24
2011.0,DS,Puzzle,23
2011.0,XThreeSixZero,Misc,23
2011.0,PC,Strategy,21
2011.0,PC,Simulation,18
2011.0,XThreeSixZero,Sports,18
2011.0,XThreeSixZero,Action,17
2011.0,DS,Action,16
2011.0,PSThree,Shooter,16
2011.0,ThreeDS,Action,16
2011.0,PSThree,Sports,15
2011.0,DS,Adventure,14
2011.0,PSP,Misc,14
2011.0,Wii,Action,14
2011.0,PSP,Action,13
2011.0,PSThree,Misc,13
2011.0,Wii,Sports,13
2011.0,PSThree,Role Playing,12
2011.0,PSThree,Fighting,11
2011.0,ThreeDS,Misc,11
2011.0,DS,Simulation,10
2011.0,PC,Adventure,10
2011.0,PC,Puzzle,10
2011.0,PSThree,Adventure,10
2011.0,ThreeDS,Sports,10
2011.0,DS,Role Playing,9
2011.0,PC,Role Playing,9
2011.0,PSThree,Racing,9
2011.0,DS,Platform,8
2011.0,PSP,Strategy,8
2011.0,ThreeDS,Role Playing,8
2011.0,ThreeDS,Simulation,7
2011.0,XThreeSixZero,Racing,7
2011.0,DS,Strategy,6
2011.0,PSP,Fighting,6
2011.0,PSThree,Platform,6
2011.0,PSThree,Simulation,6
2011.0,ThreeDS,Platform,6
2011.0,ThreeDS,Puzzle,6
2011.0,Wii,Role Playing,6
2011.0,XThreeSixZero,Role Playing,6
2011.0,XThreeSixZero,Simulation,6
2011.0,PC,Shooter,5
2011.0,ThreeDS,Adventure,5
2011.0,ThreeDS,Racing,5
2011.0,XThreeSixZero,Fighting,5
2011.0,PSThree,Strategy,4
2011.0,PSV,Action,4
2011.0,ThreeDS,Shooter,4
2011.0,Wii,Racing,4
2011.0,Wii,Shooter,4
2011.0,XThreeSixZero,Adventure,4
2011.0,DS,Shooter,3
2011.0,DS,Sports,3
2011.0,PC,Action,3
2011.0,PC,Misc,3
2011.0,PC,Racing,3
2011.0,PSP,Sports,3
2011.0,ThreeDS,Fighting,3
2011.0,ThreeDS,Strategy,3
2011.0,Wii,Platform,3
2011.0,DS,Fighting,2
2011.0,DS,Racing,2
2011.0,PC,Platform,2
2011.0,PC,Sports,2
2011.0,PSV,Fighting,2
2011.0,PSV,Sports,2
2011.0,Wii,Simulation,2
2011.0,PSP,Simulation,1
2011.0,PSTow,Adventure,1
2011.0,PSV,Misc,1
2011.0,PSV,Platform,1
2011.0,PSV,Puzzle,1
2011.0,PSV,Role Playing,1
2011.0,PSV,Shooter,1
2011.0,PSV,Simulation,1
2011.0,Wii,Adventure,1
2011.0,Wii,Fighting,1
2011.0,Wii,Strategy,1
2011.0,XThreeSixZero,Strategy,1
2010.0,PSP,Adventure,60
2010.0,DS,Misc,53
2010.0,Wii,Misc,52
2010.0,Wii,Sports,46
2010.0,DS,Adventure,42
2010.0,DS,Simulation,40
2010.0,DS,Action,39
2010.0,DS,Puzzle,30
2010.0,PSThree,Action,29
2010.0,DS,Role Playing,28
2010.0,PSP,Role Playing,27
2010.0,Wii,Action,22
2010.0,PSThree,Sports,20
2010.0,PSP,Action,18
2010.0,XThreeSixZero,Shooter,18
2010.0,PSP,Misc,16
2010.0,PC,Strategy,14
2010.0,PSThree,Misc,14
2010.0,XThreeSixZero,Sports,14
2010.0,DS,Sports,13
2010.0,PSP,Strategy,13
2010.0,PSThree,Role Playing,13
2010.0,Wii,Racing,13
2010.0,PSThree,Shooter,12
2010.0,PC,Simulation,11
2010.0,PSTow,Adventure,11
2010.0,Wii,Adventure,11
2010.0,XThreeSixZero,Misc,11
2010.0,DS,Strategy,10
2010.0,Wii,Platform,10
2010.0,XThreeSixZero,Action,10
2010.0,PC,Role Playing,9
2010.0,PSThree,Racing,9
2010.0,Wii,Shooter,9
2010.0,Wii,Simulation,9
2010.0,PSP,Fighting,8
2010.0,PSThree,Fighting,8
2010.0,XThreeSixZero,Role Playing,8
2010.0,XThreeSixZero,Racing,7
2010.0,DS,Platform,6
2010.0,PSThree,Adventure,5
2010.0,Wii,Strategy,5
2010.0,XThreeSixZero,Adventure,5
2010.0,PSP,Simulation,4
2010.0,PSP,Sports,4
2010.0,Wii,Fighting,4
2010.0,DS,Fighting,3
2010.0,DS,Racing,3
2010.0,PC,Adventure,3
2010.0,PSP,Shooter,3
2010.0,Wii,Puzzle,3
2010.0,XThreeSixZero,Fighting,3
2010.0,XThreeSixZero,Simulation,3
2010.0,DS,Shooter,2
2010.0,PC,Puzzle,2
2010.0,PC,Sports,2
2010.0,PSThree,Simulation,2
2010.0,PSThree,Strategy,2
2010.0,PSTow,Action,2
2010.0,PSTow,Misc,2
2010.0,XThreeSixZero,Strategy,2
2010.0,PC,Misc,1
2010.0,PSP,Platform,1
2010.0,PSP,Puzzle,1
2010.0,PSThree,Platform,1
2010.0,PSTow,Fighting,1
2010.0,PSTow,Role Playing,1
2010.0,PSTow,Sports,1
2010.0,Wii,Role Playing,1
2009.0,DS,Simulation,66
2009.0,Wii,Misc,62
2009.0,Wii,Sports,60
2009.0,DS,Misc,53
2009.0,DS,Puzzle,50
2009.0,DS,Adventure,48
2009.0,DS,Action,46
2009.0,Wii,Action,40
2009.0,DS,Role Playing,32
2009.0,PSP,Role Playing,27
2009.0,PC,Strategy,20
2009.0,Wii,Racing,20
2009.0,XThreeSixZero,Shooter,20
2009.0,PSP,Adventure,19
2009.0,PSThree,Action,19
2009.0,Wii,Simulation,19
2009.0,Wii,Adventure,17
2009.0,PSP,Action,16
2009.0,PSTow,Adventure,15
2009.0,DS,Sports,14
2009.0,Wii,Puzzle,14
2009.0,Wii,Shooter,14
2009.0,PC,Adventure,13
2009.0,PSP,Fighting,13
2009.0,XThreeSixZero,Action,12
2009.0,PSThree,Sports,11
2009.0,XThreeSixZero,Sports,11
2009.0,DS,Strategy,10
2009.0,PSThree,Shooter,10
2009.0,XThreeSixZero,Role Playing,10
2009.0,PSP,Simulation,9
2009.0,PSP,Misc,8
2009.0,PSThree,Fighting,8
2009.0,PSThree,Misc,8
2009.0,PSThree,Racing,8
2009.0,Wii,Role Playing,8
2009.0,XThreeSixZero,Misc,8
2009.0,PSP,Sports,7
2009.0,PSP,Strategy,7
2009.0,PSThree,Role Playing,7
2009.0,PSTow,Misc,7
2009.0,DS,Racing,6
2009.0,DS,Platform,5
2009.0,DS,Shooter,5
2009.0,PSThree,Strategy,5
2009.0,Wii,Platform,5
2009.0,Wii,Strategy,5
2009.0,XThreeSixZero,Adventure,5
2009.0,XThreeSixZero,Racing,5
2009.0,PC,Shooter,4
2009.0,PSTow,Fighting,4
2009.0,PSTow,Sports,4
2009.0,PSTow,Strategy,4
2009.0,Wii,Fighting,4
2009.0,DS,Fighting,3
2009.0,PC,Puzzle,3
2009.0,PC,Racing,3
2009.0,PC,Role Playing,3
2009.0,PC,Simulation,3
2009.0,PC,Sports,3
2009.0,PSP,Racing,3
2009.0,PSP,Shooter,3
2009.0,PSThree,Simulation,3
2009.0,PSTow,Action,3
2009.0,PSTow,Racing,3
2009.0,XThreeSixZero,Strategy,3
2009.0,PC,Action,2
2009.0,PSP,Platform,2
2009.0,PSThree,Platform,2
2009.0,PSTow,Simulation,2
2009.0,XThreeSixZero,Fighting,2
2009.0,PC,Misc,1
2009.0,PC,Platform,1
2009.0,PSThree,Puzzle,1
2009.0,PSTow,Platform,1
2009.0,PSTow,Shooter,1
2009.0,XThreeSixZero,Puzzle,1
2009.0,XThreeSixZero,Simulation,1
2008.0,DS,Misc,84
2008.0,DS,Simulation,80
2008.0,DS,Adventure,71
2008.0,DS,Role Playing,55
2008.0,Wii,Sports,45
2008.0,DS,Action,43
2008.0,Wii,Misc,39
2008.0,PSTow,Adventure,36
2008.0,DS,Puzzle,33
2008.0,DS,Sports,28
2008.0,Wii,Action,23
2008.0,Wii,Racing,20
2008.0,Wii,Simulation,20
2008.0,XThreeSixZero,Action,20
2008.0,Wii,Adventure,19
2008.0,XThreeSixZero,Shooter,18
2008.0,DS,Strategy,16
2008.0,PSP,Role Playing,16
2008.0,PSTow,Misc,16
2008.0,PC,Strategy,13
2008.0,Wii,Puzzle,13
2008.0,DS,Platform,12
2008.0,PSThree,Action,12
2008.0,PSThree,Sports,11
2008.0,PSTow,Fighting,11
2008.0,PSTow,Sports,11
2008.0,Wii,Shooter,11
2008.0,XThreeSixZero,Sports,11
2008.0,PSP,Fighting,10
2008.0,PSTow,Action,10
2008.0,PSThree,Racing,9
2008.0,Wii,Fighting,9
2008.0,Wii,Platform,9
2008.0,PSP,Adventure,8
2008.0,PSTow,Role Playing,8
2008.0,XThreeSixZero,Misc,8
2008.0,XThreeSixZero,Role Playing,8
2008.0,DS,Racing,7
2008.0,DS,Shooter,7
2008.0,PSP,Action,7
2008.0,PC,Adventure,6
2008.0,PC,Role Playing,6
2008.0,PSP,Misc,6
2008.0,PSThree,Role Playing,6
2008.0,PSThree,Shooter,6
2008.0,PC,Simulation,5
2008.0,PSTow,Shooter,5
2008.0,Wii,Role Playing,5
2008.0,XThreeSixZero,Strategy,5
2008.0,PSThree,Adventure,4
2008.0,PSTow,Simulation,4
2008.0,XThreeSixZero,Fighting,4
2008.0,DS,Fighting,3
2008.0,PC,Shooter,3
2008.0,PSP,Platform,3
2008.0,PSP,Puzzle,3
2008.0,PSP,Sports,3
2008.0,PSP,Strategy,3
2008.0,PSThree,Fighting,3
2008.0,PSThree,Misc,3
2008.0,PSThree,Platform,3
2008.0,PSTow,Platform,3
2008.0,PSTow,Racing,3
2008.0,Wii,Strategy,3
2008.0,XThreeSixZero,Racing,3
2008.0,PC,Puzzle,2
2008.0,PSP,Racing,2
2008.0,PSP,Simulation,2
2008.0,PSTow,Strategy,2
2008.0,XThreeSixZero,Platform,2
2008.0,XThreeSixZero,Simulation,2
2008.0,DC,Adventure,1
2008.0,PC,Action,1
2008.0,PC,Misc,1
2008.0,PC,Racing,1
2008.0,PC,Sports,1
2008.0,PSThree,Simulation,1
2008.0,PSThree,Strategy,1
2008.0,PSTow,Puzzle,1
2008.0,XThreeSixZero,Adventure,1
2007.0,DS,Misc,66
2007.0,DS,Action,45
2007.0,DS,Puzzle,43
2007.0,DS,Simulation,43
2007.0,DS,Role Playing,34
2007.0,DS,Adventure,29
2007.0,PSTow,Misc,28
2007.0,PSTow,Adventure,26
2007.0,PSTow,Sports,25
2007.0,PSTow,Role Playing,24
2007.0,Wii,Sports,22
2007.0,Wii,Action,19
2007.0,DS,Sports,18
2007.0,PSTow,Action,18
2007.0,PSTow,Fighting,18
2007.0,Wii,Misc,18
2007.0,PSP,Role Playing,16
2007.0,XThreeSixZero,Shooter,16
2007.0,DS,Platform,15
2007.0,DS,Strategy,15
2007.0,PSTow,Strategy,13
2007.0,PC,Strategy,12
2007.0,PSP,Action,12
2007.0,PSThree,Action,12
2007.0,Wii,Adventure,11
2007.0,Wii,Racing,10
2007.0,Wii,Shooter,10
2007.0,PSP,Shooter,9
2007.0,Wii,Simulation,9
2007.0,XThreeSixZero,Racing,9
2007.0,DS,Fighting,8
2007.0,PC,Simulation,8
2007.0,PSTow,Racing,8
2007.0,Wii,Fighting,8
2007.0,XThreeSixZero,Sports,8
2007.0,DS,Shooter,7
2007.0,PSP,Strategy,7
2007.0,PSTow,Simulation,7
2007.0,Wii,Platform,7
2007.0,XThreeSixZero,Role Playing,7
2007.0,PC,Role Playing,6
2007.0,PSP,Puzzle,6
2007.0,PSP,Racing,6
2007.0,PSThree,Shooter,6
2007.0,DS,Racing,5
2007.0,PSP,Sports,5
2007.0,XThreeSixZero,Action,5
2007.0,XThreeSixZero,Simulation,5
2007.0,PSP,Fighting,4
2007.0,PSP,Misc,4
2007.0,PSP,Platform,4
2007.0,PSThree,Racing,4
2007.0,PSThree,Sports,4
2007.0,Wii,Role Playing,4
2007.0,Wii,Strategy,4
2007.0,XThreeSixZero,Strategy,4
2007.0,PC,Shooter,3
2007.0,PSP,Adventure,3
2007.0,PSThree,Role Playing,3
2007.0,PSTow,Platform,3
2007.0,Wii,Puzzle,3
2007.0,XThreeSixZero,Misc,3
2007.0,XThreeSixZero,Puzzle,3
2007.0,GBA,Misc,2
2007.0,PC,Puzzle,2
2007.0,PSThree,Adventure,2
2007.0,PSThree,Misc,2
2007.0,PSThree,Simulation,2
2007.0,DC,Shooter,1
2007.0,GBA,Action,1
2007.0,PC,Sports,1
2007.0,PSP,Simulation,1
2007.0,PSThree,Fighting,1
2007.0,PSThree,Platform,1
2007.0,XThreeSixZero,Adventure,1
2007.0,XThreeSixZero,Fighting,1
2006.0,PSTow,Action,40
2006.0,DS,Misc,38
2006.0,PSTow,Adventure,36
2006.0,PSTow,Sports,36
2006.0,DS,Action,34
2006.0,PSTow,Role Playing,27
2006.0,DS,Role Playing,24
2006.0,PSP,Role Playing,22
2006.0,PSTow,Misc,22
2006.0,PSP,Action,21
2006.0,PSP,Misc,21
2006.0,PSTow,Fighting,20
2006.0,DS,Puzzle,17
2006.0,PC,Strategy,13
2006.0,PSP,Puzzle,13
2006.0,PSP,Racing,13
2006.0,PSTow,Racing,13
2006.0,XThreeSixZero,Shooter,13
2006.0,DS,Simulation,12
2006.0,DS,Adventure,11
2006.0,DS,Platform,11
2006.0,PSP,Fighting,11
2006.0,PSP,Sports,11
2006.0,PSTow,Shooter,11
2006.0,PSTow,Simulation,11
2006.0,XThreeSixZero,Action,11
2006.0,PSP,Shooter,10
2006.0,PC,Simulation,9
2006.0,DS,Fighting,7
2006.0,PSP,Adventure,7
2006.0,PSP,Strategy,7
2006.0,PSTow,Strategy,7
2006.0,XThreeSixZero,Sports,7
2006.0,DS,Strategy,6
2006.0,GBA,Action,6
2006.0,GBA,Role Playing,6
2006.0,PSP,Platform,6
2006.0,Wii,Misc,6
2006.0,XThreeSixZero,Role Playing,6
2006.0,DS,Shooter,5
2006.0,PC,Role Playing,5
2006.0,DS,Sports,4
2006.0,GBA,Misc,4
2006.0,GC,Action,4
2006.0,GC,Platform,4
2006.0,PSP,Simulation,4
2006.0,PSThree,Racing,4
2006.0,Wii,Action,4
2006.0,XB,Shooter,4
2006.0,GBA,Platform,3
2006.0,GC,Racing,3
2006.0,PSThree,Sports,3
2006.0,PSTow,Platform,3
2006.0,Wii,Puzzle,3
2006.0,Wii,Racing,3
2006.0,Wii,Shooter,3
2006.0,Wii,Sports,3
2006.0,XB,Action,3
2006.0,XThreeSixZero,Fighting,3
2006.0,XThreeSixZero,Racing,3
2006.0,XThreeSixZero,Simulation,3
2006.0,XThreeSixZero,Strategy,3
2006.0,GBA,Puzzle,2
2006.0,GBA,Sports,2
2006.0,PC,Puzzle,2
2006.0,PC,Shooter,2
2006.0,PSThree,Misc,2
2006.0,PSThree,Simulation,2
2006.0,Wii,Simulation,2
2006.0,XB,Fighting,2
2006.0,XThreeSixZero,Misc,2
2006.0,DS,Racing,1
2006.0,GBA,Adventure,1
2006.0,GBA,Racing,1
2006.0,GC,Adventure,1
2006.0,GC,Fighting,1
2006.0,GC,Misc,1
2006.0,GC,Role Playing,1
2006.0,GC,Shooter,1
2006.0,PC,Action,1
2006.0,PC,Sports,1
2006.0,PSThree,Action,1
2006.0,PSThree,Fighting,1
2006.0,PSThree,Role Playing,1
2006.0,PSThree,Shooter,1
2006.0,PSTow,Puzzle,1
2006.0,Wii,Fighting,1
2006.0,Wii,Platform,1
2006.0,Wii,Role Playing,1
2006.0,Wii,Strategy,1
2006.0,XB,Adventure,1
2006.0,XThreeSixZero,Puzzle,1
2005.0,PSTow,Action,56
2005.0,GBA,Misc,35
2005.0,PSTow,Sports,33
2005.0,PSTow,Misc,26
2005.0,PSTow,Role Playing,26
2005.0,PSTow,Shooter,25
2005.0,PSTow,Racing,23
2005.0,XB,Shooter,21
2005.0,GBA,Platform,20
2005.0,GBA,Action,19
2005.0,DS,Misc,18
2005.0,PSP,Sports,16
2005.0,DS,Puzzle,14
2005.0,PSTow,Fighting,14
2005.0,PSP,Racing,11
2005.0,DS,Platform,10
2005.0,PSTow,Adventure,10
2005.0,DS,Role Playing,9
2005.0,DS,Simulation,9
2005.0,PSP,Puzzle,9
2005.0,PSP,Role Playing,9
2005.0,PSTow,Platform,9
2005.0,XB,Action,9
2005.0,GBA,Role Playing,8
2005.0,PC,Strategy,8
2005.0,DS,Action,7
2005.0,PSTow,Simulation,7
2005.0,PC,Simulation,6
2005.0,PSP,Platform,6
2005.0,DS,Sports,5
2005.0,DS,Strategy,5
2005.0,GBA,Adventure,5
2005.0,GBA,Puzzle,5
2005.0,GBA,Racing,5
2005.0,GBA,Sports,5
2005.0,GC,Fighting,5
2005.0,PC,Role Playing,5
2005.0,PSP,Action,5
2005.0,PSP,Misc,5
2005.0,XB,Adventure,5
2005.0,XB,Sports,5
2005.0,PSP,Shooter,4
2005.0,PSTow,Strategy,4
2005.0,DS,Adventure,3
2005.0,DS,Fighting,3
2005.0,DS,Racing,3
2005.0,DS,Shooter,3
2005.0,GC,Action,3
2005.0,GC,Misc,3
2005.0,GC,Platform,3
2005.0,GC,Sports,3
2005.0,PC,Shooter,3
2005.0,PSP,Strategy,3
2005.0,XB,Strategy,3
2005.0,XThreeSixZero,Action,3
2005.0,XThreeSixZero,Shooter,3
2005.0,GBA,Shooter,2
2005.0,GBA,Strategy,2
2005.0,GC,Adventure,2
2005.0,GC,Strategy,2
2005.0,PSP,Adventure,2
2005.0,PSP,Fighting,2
2005.0,PSP,Simulation,2
2005.0,XB,Fighting,2
2005.0,XB,Platform,2
2005.0,XB,Racing,2
2005.0,XThreeSixZero,Racing,2
2005.0,XThreeSixZero,Sports,2
2005.0,GBA,Simulation,1
2005.0,GC,Puzzle,1
2005.0,GC,Role Playing,1
2005.0,GC,Shooter,1
2005.0,GC,Simulation,1
2005.0,PC,Racing,1
2005.0,PSTow,Puzzle,1
2005.0,XB,Misc,1
2005.0,XB,Role Playing,1
2005.0,XB,Simulation,1
2005.0,XThreeSixZero,Fighting,1
2004.0,PSTow,Sports,43
2004.0,PSTow,Action,40
2004.0,GBA,Misc,33
2004.0,PSTow,Role Playing,28
2004.0,PSTow,Shooter,28
2004.0,GBA,Action,23
2004.0,PSTow,Racing,23
2004.0,PSTow,Misc,22
2004.0,GBA,Platform,20
2004.0,PSTow,Fighting,18
2004.0,PSTow,Platform,17
2004.0,GBA,Adventure,15
2004.0,PSTow,Adventure,12
2004.0,XB,Shooter,12
2004.0,GBA,Role Playing,11
2004.0,PSTow,Simulation,10
2004.0,GBA,Puzzle,9
2004.0,PSTow,Strategy,9
2004.0,XB,Action,9
2004.0,GBA,Shooter,8
2004.0,PC,Strategy,8
2004.0,DS,Puzzle,7
2004.0,GBA,Sports,7
2004.0,PC,Shooter,7
2004.0,GBA,Racing,6
2004.0,XB,Racing,6
2004.0,XB,Misc,5
2004.0,XB,Simulation,5
2004.0,PSP,Misc,4
2004.0,PSP,Puzzle,4
2004.0,XB,Fighting,4
2004.0,XB,Role Playing,4
2004.0,XB,Strategy,4
2004.0,DS,Misc,3
2004.0,DS,Racing,3
2004.0,DS,Simulation,3
2004.0,GBA,Fighting,3
2004.0,GBA,Strategy,3
2004.0,GC,Action,3
2004.0,GC,Misc,3
2004.0,GC,Role Playing,3
2004.0,PC,Role Playing,3
2004.0,XB,Adventure,3
2004.0,GBA,Simulation,2
2004.0,GC,Fighting,2
2004.0,GC,Shooter,2
2004.0,GC,Strategy,2
2004.0,PC,Sports,2
2004.0,XB,Puzzle,2
2004.0,XB,Sports,2
2004.0,DS,Adventure,1
2004.0,DS,Sports,1
2004.0,GC,Platform,1
2004.0,GC,Racing,1
2004.0,GC,Sports,1
2004.0,PC,Racing,1
2004.0,PSP,Action,1
2004.0,PSP,Fighting,1
2004.0,PSP,Racing,1
2004.0,PSP,Role Playing,1
2004.0,PSP,Simulation,1
2004.0,PSP,Sports,1
2004.0,PSP,Strategy,1
2004.0,PSTow,Puzzle,1
2004.0,XB,Platform,1
2003.0,PSTow,Sports,47
2003.0,PSTow,Action,41
2003.0,PSTow,Racing,32
2003.0,GBA,Action,23
2003.0,PSTow,Misc,23
2003.0,PSTow,Shooter,21
2003.0,PSTow,Platform,20
2003.0,PSTow,Fighting,19
2003.0,GBA,Platform,17
2003.0,PSTow,Role Playing,17
2003.0,XB,Shooter,16
2003.0,XB,Racing,13
2003.0,GBA,Role Playing,12
2003.0,PSTow,Simulation,11
2003.0,PSTow,Strategy,11
2003.0,XB,Sports,11
2003.0,GBA,Misc,10
2003.0,GC,Role Playing,10
2003.0,PC,Strategy,10
2003.0,XB,Action,10
2003.0,GBA,Sports,8
2003.0,PC,Simulation,8
2003.0,GC,Platform,7
2003.0,XB,Fighting,7
2003.0,GBA,Racing,6
2003.0,GBA,Fighting,5
2003.0,GBA,Strategy,5
2003.0,GC,Action,5
2003.0,GC,Misc,5
2003.0,GC,Racing,5
2003.0,GC,Shooter,5
2003.0,PSTow,Adventure,5
2003.0,XB,Role Playing,5
2003.0,GBA,Simulation,4
2003.0,GC,Fighting,4
2003.0,XB,Misc,4
2003.0,GBA,Shooter,3
2003.0,GC,Puzzle,3
2003.0,XB,Strategy,3
2003.0,GBA,Puzzle,2
2003.0,GC,Sports,2
2003.0,PC,Adventure,2
2003.0,PC,Sports,2
2003.0,PS,Misc,2
2003.0,XB,Simulation,2
2003.0,GBA,Adventure,1
2003.0,GC,Adventure,1
2003.0,GC,Simulation,1
2003.0,PC,Role Playing,1
2003.0,PC,Shooter,1
2003.0,PS,Sports,1
2003.0,PSTow,Puzzle,1
2003.0,XB,Adventure,1
2003.0,XB,Platform,1
2003.0,XB,Puzzle,1
2002.0,PSTow,Sports,76
2002.0,PSTow,Racing,41
2002.0,GBA,Action,36
2002.0,PSTow,Action,35
2002.0,GBA,Platform,32
2002.0,PSTow,Shooter,28
2002.0,PSTow,Role Playing,25
2002.0,GBA,Role Playing,21
2002.0,PSTow,Adventure,21
2002.0,PSTow,Fighting,21
2002.0,PSTow,Misc,17
2002.0,GBA,Sports,15
2002.0,PSTow,Platform,15
2002.0,XB,Action,14
2002.0,GBA,Misc,11
2002.0,XB,Racing,11
2002.0,XB,Sports,11
2002.0,PSTow,Strategy,10
2002.0,GBA,Puzzle,9
2002.0,GBA,Shooter,9
2002.0,GC,Sports,9
2002.0,GBA,Fighting,8
2002.0,GBA,Racing,8
2002.0,XB,Shooter,8
2002.0,GC,Fighting,7
2002.0,GC,Action,6
2002.0,GC,Adventure,6
2002.0,PC,Strategy,6
2002.0,PSTow,Simulation,6
2002.0,GBA,Adventure,5
2002.0,GC,Racing,5
2002.0,GC,Role Playing,5
2002.0,GC,Misc,4
2002.0,GC,Platform,4
2002.0,GC,Puzzle,4
2002.0,PC,Simulation,4
2002.0,PS,Action,4
2002.0,PSTow,Puzzle,4
2002.0,XB,Fighting,4
2002.0,GBA,Simulation,3
2002.0,GBA,Strategy,3
2002.0,PC,Shooter,3
2002.0,PS,Fighting,3
2002.0,PS,Sports,3
2002.0,XB,Adventure,3
2002.0,XB,Role Playing,3
2002.0,XB,Simulation,3
2002.0,GC,Shooter,2
2002.0,PC,Role Playing,2
2002.0,PS,Adventure,2
2002.0,PS,Platform,2
2002.0,PS,Role Playing,2
2002.0,XB,Misc,2
2002.0,XB,Platform,2
2002.0,DC,Adventure,1
2002.0,GC,Simulation,1
2002.0,GC,Strategy,1
2002.0,PS,Racing,1
2002.0,PS,Shooter,1
2002.0,PS,Simulation,1
2002.0,XB,Puzzle,1
2001.0,PSTow,Sports,36
2001.0,PSTow,Racing,35
2001.0,PSTow,Action,22
2001.0,GBA,Platform,18
2001.0,PS,Action,17
2001.0,PSTow,Shooter,17
2001.0,PSTow,Simulation,17
2001.0,PS,Sports,15
2001.0,GBA,Action,14
2001.0,PSTow,Role Playing,14
2001.0,PSTow,Misc,13
2001.0,GBA,Role Playing,10
2001.0,PSTow,Platform,10
2001.0,GBA,Puzzle,9
2001.0,PS,Racing,9
2001.0,PS,Shooter,8
2001.0,GBA,Sports,7
2001.0,PS,Role Playing,7
2001.0,GBA,Misc,6
2001.0,GBA,Racing,6
2001.0,PC,Strategy,6
2001.0,PS,Adventure,6
2001.0,PS,Platform,6
2001.0,PSTow,Fighting,6
2001.0,GB,Role Playing,5
2001.0,GBA,Strategy,5
2001.0,PSTow,Adventure,5
2001.0,XB,Racing,5
2001.0,GBA,Adventure,4
2001.0,GBA,Fighting,4
2001.0,PC,Simulation,4
2001.0,PS,Fighting,4
2001.0,XB,Action,4
2001.0,GBA,Shooter,3
2001.0,PS,Misc,3
2001.0,PS,Strategy,3
2001.0,XB,Shooter,3
2001.0,DC,Fighting,2
2001.0,GC,Simulation,2
2001.0,NSixFour,Sports,2
2001.0,PS,Puzzle,2
2001.0,PS,Simulation,2
2001.0,PSTow,Strategy,2
2001.0,XB,Misc,2
2001.0,XB,Platform,2
2001.0,XB,Sports,2
2001.0,DC,Action,1
2001.0,DC,Adventure,1
2001.0,DC,Platform,1
2001.0,DC,Racing,1
2001.0,DC,Role Playing,1
2001.0,GB,Action,1
2001.0,GB,Adventure,1
2001.0,GB,Platform,1
2001.0,GB,Strategy,1
2001.0,GBA,Simulation,1
2001.0,GC,Action,1
2001.0,GC,Fighting,1
2001.0,GC,Misc,1
2001.0,GC,Platform,1
2001.0,GC,Puzzle,1
2001.0,GC,Racing,1
2001.0,GC,Strategy,1
2001.0,NSixFour,Platform,1
2001.0,NSixFour,Puzzle,1
2001.0,NSixFour,Role Playing,1
2001.0,NSixFour,Simulation,1
2001.0,PC,Role Playing,1
2001.0,PC,Sports,1
2001.0,WS,Strategy,1
2001.0,XB,Fighting,1
2001.0,XB,Simulation,1
2000.0,PS,Sports,36
2000.0,PS,Action,22
2000.0,PS,Racing,21
2000.0,PSTow,Sports,18
2000.0,PS,Misc,12
2000.0,PS,Adventure,9
2000.0,PS,Platform,9
2000.0,PSTow,Racing,9
2000.0,PS,Fighting,8
2000.0,PS,Role Playing,8
2000.0,PS,Shooter,8
2000.0,PSTow,Fighting,8
2000.0,PSTow,Simulation,8
2000.0,NSixFour,Action,7
2000.0,NSixFour,Sports,7
2000.0,PSTow,Role Playing,7
2000.0,NSixFour,Platform,6
2000.0,NSixFour,Racing,6
2000.0,PSTow,Action,6
2000.0,PSTow,Shooter,6
2000.0,PSTow,Puzzle,5
2000.0,PSTow,Strategy,5
2000.0,DC,Sports,4
2000.0,GB,Platform,4
2000.0,GB,Role Playing,4
2000.0,PS,Simulation,4
2000.0,PS,Strategy,4
2000.0,DC,Adventure,3
2000.0,DC,Fighting,3
2000.0,NSixFour,Fighting,3
2000.0,NSixFour,Role Playing,3
2000.0,NSixFour,Shooter,3
2000.0,NSixFour,Strategy,3
2000.0,DC,Role Playing,2
2000.0,NSixFour,Misc,2
2000.0,PC,Role Playing,2
2000.0,PC,Strategy,2
2000.0,PS,Puzzle,2
2000.0,PSTow,Adventure,2
2000.0,DC,Action,1
2000.0,DC,Racing,1
2000.0,DC,Shooter,1
2000.0,GB,Adventure,1
2000.0,GB,Misc,1
2000.0,GB,Puzzle,1
2000.0,GB,Sports,1
2000.0,GB,Strategy,1
2000.0,GBA,Sports,1
2000.0,NSixFour,Puzzle,1
2000.0,NSixFour,Simulation,1
2000.0,PC,Misc,1
2000.0,PC,Simulation,1
2000.0,PSTow,Misc,1
2000.0,PSTow,Platform,1
2000.0,WS,Strategy,1
2000.0,XB,Sports,1
1999.0,PS,Sports,31
1999.0,PS,Racing,26
1999.0,PS,Role Playing,24
1999.0,PS,Action,23
1999.0,NSixFour,Racing,16
1999.0,NSixFour,Sports,16
1999.0,PS,Strategy,15
1999.0,PS,Fighting,14
1999.0,PS,Adventure,13
1999.0,PS,Misc,13
1999.0,PS,Simulation,13
1999.0,NSixFour,Action,10
1999.0,PS,Platform,7
1999.0,NSixFour,Platform,6
1999.0,PS,Shooter,6
1999.0,NSixFour,Shooter,5
1999.0,PS,Puzzle,5
1999.0,DC,Sports,4
1999.0,NSixFour,Fighting,4
1999.0,NSixFour,Misc,4
1999.0,NSixFour,Simulation,4
1999.0,NSixFour,Strategy,3
1999.0,DC,Adventure,2
1999.0,DC,Fighting,2
1999.0,DC,Racing,2
1999.0,GB,Misc,2
1999.0,GB,Role Playing,2
1999.0,GB,Simulation,2
1999.0,NSixFour,Adventure,2
1999.0,NSixFour,Role Playing,2
1999.0,PC,Action,2
1999.0,PC,Strategy,2
1999.0,WS,Role Playing,2
1999.0,DC,Simulation,1
1999.0,GB,Sports,1
1999.0,GB,Strategy,1
1999.0,NSixFour,Puzzle,1
1999.0,PC,Adventure,1
1999.0,PC,Misc,1
1999.0,PC,Sports,1
1999.0,SNES,Strategy,1
1998.0,PS,Sports,41
1998.0,PS,Action,34
1998.0,PS,Racing,33
1998.0,PS,Fighting,28
1998.0,NSixFour,Sports,20
1998.0,PS,Strategy,19
1998.0,PS,Misc,18
1998.0,PS,Role Playing,17
1998.0,PS,Adventure,14
1998.0,PS,Platform,14
1998.0,NSixFour,Racing,12
1998.0,PS,Shooter,11
1998.0,PS,Puzzle,10
1998.0,SAT,Adventure,8
1998.0,NSixFour,Action,6
1998.0,NSixFour,Platform,6
1998.0,NSixFour,Shooter,6
1998.0,SAT,Strategy,6
1998.0,PC,Strategy,5
1998.0,PS,Simulation,5
1998.0,NSixFour,Fighting,4
1998.0,SAT,Sports,4
1998.0,NSixFour,Misc,3
1998.0,SAT,Role Playing,3
1998.0,DC,Fighting,2
1998.0,GB,Role Playing,2
1998.0,GB,Strategy,2
1998.0,NSixFour,Simulation,2
1998.0,DC,Action,1
1998.0,DC,Adventure,1
1998.0,DC,Platform,1
1998.0,DC,Racing,1
1998.0,DC,Shooter,1
1998.0,GB,Adventure,1
1998.0,GB,Platform,1
1998.0,GB,Puzzle,1
1998.0,GB,Sports,1
1998.0,NSixFour,Puzzle,1
1998.0,NSixFour,Role Playing,1
1998.0,NSixFour,Strategy,1
1998.0,PC,Role Playing,1
1998.0,SAT,Fighting,1
1998.0,SAT,Platform,1
1998.0,SAT,Shooter,1
1998.0,SAT,Simulation,1
1998.0,SNES,Platform,1
1998.0,SNES,Sports,1
1997.0,PS,Sports,29
1997.0,PS,Racing,25
1997.0,PS,Action,21
1997.0,PS,Shooter,17
1997.0,PS,Simulation,16
1997.0,PS,Fighting,14
1997.0,PS,Role Playing,14
1997.0,PS,Strategy,12
1997.0,NSixFour,Sports,11
1997.0,PS,Platform,10
1997.0,NSixFour,Racing,8
1997.0,NSixFour,Fighting,7
1997.0,PS,Adventure,7
1997.0,SAT,Role Playing,6
1997.0,NSixFour,Action,5
1997.0,NSixFour,Shooter,5
1997.0,PS,Misc,5
1997.0,PS,Puzzle,5
1997.0,SAT,Strategy,5
1997.0,NSixFour,Platform,4
1997.0,NSixFour,Puzzle,4
1997.0,SAT,Adventure,4
1997.0,SAT,Shooter,4
1997.0,GB,Misc,2
1997.0,GB,Simulation,2
1997.0,PC,Strategy,2
1997.0,SAT,Misc,2
1997.0,SAT,Puzzle,2
1997.0,SAT,Sports,2
1997.0,SNES,Sports,2
1997.0,GB,Platform,1
1997.0,GB,Puzzle,1
1997.0,GB,Role Playing,1
1997.0,GB,Strategy,1
1997.0,NSixFour,Adventure,1
1997.0,NSixFour,Misc,1
1997.0,PC,Adventure,1
1997.0,PC,Racing,1
1997.0,PC,Shooter,1
1997.0,SAT,Fighting,1
1997.0,SAT,Platform,1
1997.0,SNES,Platform,1
1997.0,SNES,Puzzle,1
1996.0,PS,Sports,35
1996.0,PS,Action,17
1996.0,PS,Racing,17
1996.0,PS,Fighting,15
1996.0,PS,Shooter,15
1996.0,PS,Misc,14
1996.0,PS,Role Playing,11
1996.0,SNES,Role Playing,10
1996.0,PS,Adventure,9
1996.0,PS,Platform,9
1996.0,SAT,Adventure,8
1996.0,SAT,Fighting,7
1996.0,PS,Simulation,6
1996.0,PS,Strategy,6
1996.0,SNES,Sports,6
1996.0,NSixFour,Sports,5
1996.0,SNES,Misc,5
1996.0,SAT,Shooter,4
1996.0,NSixFour,Racing,3
1996.0,PS,Puzzle,3
1996.0,SAT,Role Playing,3
1996.0,SAT,Sports,3
1996.0,SAT,Strategy,3
1996.0,GB,Puzzle,2
1996.0,GB,Role Playing,2
1996.0,NSixFour,Misc,2
1996.0,NSixFour,Simulation,2
1996.0,SAT,Misc,2
1996.0,SNES,Platform,2
1996.0,SNES,Puzzle,2
1996.0,SNES,Strategy,2
1996.0,GB,Platform,1
1996.0,GB,Simulation,1
1996.0,NG,Fighting,1
1996.0,NSixFour,Action,1
1996.0,NSixFour,Fighting,1
1996.0,NSixFour,Platform,1
1996.0,NSixFour,Shooter,1
1996.0,PC,Role Playing,1
1996.0,PC,Simulation,1
1996.0,PC,Strategy,1
1996.0,PCFX,Role Playing,1
1996.0,SAT,Platform,1
1996.0,SAT,Puzzle,1
1996.0,SAT,Racing,1
1996.0,SAT,Simulation,1
1996.0,SNES,Racing,1
1996.0,SNES,Shooter,1
1995.0,PS,Shooter,17
1995.0,PS,Sports,14
1995.0,PS,Fighting,11
1995.0,SAT,Misc,11
1995.0,SNES,Role Playing,11
1995.0,SAT,Fighting,9
1995.0,SNES,Sports,9
1995.0,PS,Simulation,8
1995.0,SAT,Shooter,8
1995.0,PS,Role Playing,7
1995.0,SNES,Platform,7
1995.0,PS,Action,6
1995.0,PS,Racing,6
1995.0,PS,Adventure,5
1995.0,PS,Platform,5
1995.0,PS,Strategy,5
1995.0,SNES,Misc,5
1995.0,PS,Misc,4
1995.0,PS,Puzzle,4
1995.0,SAT,Adventure,4
1995.0,SAT,Racing,4
1995.0,SAT,Role Playing,4
1995.0,SNES,Puzzle,4
1995.0,SNES,Strategy,4
1995.0,SNES,Fighting,3
1995.0,GB,Puzzle,2
1995.0,NG,Fighting,2
1995.0,SAT,Simulation,2
1995.0,SAT,Sports,2
1995.0,SAT,Strategy,2
1995.0,SNES,Racing,2
1995.0,GB,Misc,1
1995.0,GB,Platform,1
1995.0,NG,Sports,1
1995.0,PC,Strategy,1
1995.0,SAT,Puzzle,1
1995.0,SNES,Action,1
1995.0,SNES,Adventure,1
1995.0,SNES,Shooter,1
1995.0,SNES,Simulation,1
1995.0,TGOneSix,Adventure,1
1995.0,TGOneSix,Shooter,1
1995.0,ThreeDO,Adventure,1
1995.0,ThreeDO,Simulation,1
1994.0,SNES,Sports,12
1994.0,SNES,Role Playing,11
1994.0,SNES,Fighting,8
1994.0,SAT,Fighting,5
1994.0,NG,Fighting,4
1994.0,PS,Shooter,4
1994.0,SNES,Action,4
1994.0,GB,Platform,3
1994.0,GEN,Platform,3
1994.0,PS,Sports,3
1994.0,SAT,Racing,3
1994.0,SAT,Shooter,3
1994.0,SAT,Sports,3
1994.0,SNES,Platform,3
1994.0,SNES,Simulation,3
1994.0,SNES,Strategy,3
1994.0,GEN,Role Playing,2
1994.0,GEN,Sports,2
1994.0,PC,Shooter,2
1994.0,PS,Fighting,2
1994.0,PS,Role Playing,2
1994.0,PS,Simulation,2
1994.0,SCD,Misc,2
1994.0,SNES,Misc,2
1994.0,SNES,Puzzle,2
1994.0,GEN,Fighting,1
1994.0,GEN,Misc,1
1994.0,GEN,Racing,1
1994.0,NES,Role Playing,1
1994.0,PC,Adventure,1
1994.0,PC,Misc,1
1994.0,PC,Strategy,1
1994.0,PS,Adventure,1
1994.0,PS,Racing,1
1994.0,PS,Strategy,1
1994.0,SAT,Platform,1
1994.0,SCD,Racing,1
1994.0,SCD,Role Playing,1
1994.0,SCD,Strategy,1
1994.0,SNES,Adventure,1
1994.0,SNES,Racing,1
1994.0,SNES,Shooter,1
1994.0,ThreeDO,Puzzle,1
1993.0,SNES,Sports,9
1993.0,SNES,Fighting,8
1993.0,SNES,Role Playing,8
1993.0,SNES,Platform,7
1993.0,SNES,Action,3
1993.0,SNES,Misc,3
1993.0,GEN,Action,2
1993.0,NES,Platform,2
1993.0,SNES,Puzzle,2
1993.0,SNES,Shooter,2
1993.0,GEN,Adventure,1
1993.0,GEN,Platform,1
1993.0,GEN,Role Playing,1
1993.0,GEN,Strategy,1
1993.0,NES,Action,1
1993.0,NES,Puzzle,1
1993.0,NG,Fighting,1
1993.0,SCD,Platform,1
1993.0,SNES,Racing,1
1993.0,SNES,Simulation,1
1993.0,SNES,Strategy,1
1992.0,SNES,Role Playing,4
1992.0,GB,Puzzle,3
1992.0,SNES,Fighting,3
1992.0,SNES,Sports,3
1992.0,SNES,Platform,2
1992.0,SNES,Racing,2
1992.0,GB,Action,1
1992.0,GB,Adventure,1
1992.0,GB,Misc,1
1992.0,GB,Platform,1
1992.0,GEN,Adventure,1
1992.0,GEN,Fighting,1
1992.0,GEN,Platform,1
1992.0,GEN,Shooter,1
1992.0,GEN,Sports,1
1992.0,GG,Platform,1
1992.0,NES,Fighting,1
1992.0,NES,Platform,1
1992.0,PC,Adventure,1
1992.0,PC,Simulation,1
1992.0,PC,Strategy,1
1992.0,SNES,Adventure,1
1992.0,SNES,Misc,1
1992.0,SNES,Puzzle,1
1992.0,SNES,Shooter,1
1992.0,SNES,Strategy,1
1991.0,SNES,Sports,5
1991.0,NES,Puzzle,3
1991.0,SNES,Action,3
1991.0,SNES,Role Playing,3
1991.0,SNES,Shooter,3
1991.0,SNES,Strategy,3
1991.0,GB,Platform,2
1991.0,GB,Role Playing,2
1991.0,NES,Sports,2
1991.0,SNES,Platform,2
1991.0,SNES,Simulation,2
1991.0,GB,Action,1
1991.0,GB,Adventure,1
1991.0,GB,Racing,1
1991.0,GB,Strategy,1
1991.0,GEN,Platform,1
1991.0,NES,Action,1
1991.0,NES,Platform,1
1991.0,SNES,Adventure,1
1991.0,SNES,Fighting,1
1991.0,SNES,Misc,1
1990.0,NES,Platform,2
1990.0,NES,Sports,2
1990.0,GB,Puzzle,1
1990.0,GB,Racing,1
1990.0,GB,Sports,1
1990.0,GEN,Action,1
1990.0,NES,Action,1
1990.0,NES,Role Playing,1
1990.0,SNES,Action,1
1990.0,SNES,Platform,1
1990.0,SNES,Racing,1
1990.0,SNES,Simulation,1
1989.0,GB,Puzzle,3
1989.0,NES,Platform,2
1989.0,GB,Misc,1
1989.0,GB,Platform,1
1989.0,GB,Role Playing,1
1989.0,GB,Shooter,1
1989.0,NES,Action,1
1989.0,NES,Puzzle,1
1989.0,NES,Role Playing,1
1989.0,TowSixZeroZero,Action,1
1989.0,TowSixZeroZero,Puzzle,1
1988.0,NES,Platform,3
1988.0,NES,Role Playing,2
1988.0,NES,Sports,2
1988.0,NES,Action,1
1988.0,NES,Racing,1
1988.0,TowSixZeroZero,Action,1
1988.0,TowSixZeroZero,Shooter,1
1987.0,NES,Role Playing,3
1987.0,NES,Fighting,2
1987.0,NES,Platform,2
1987.0,NES,Sports,2
1987.0,TowSixZeroZero,Shooter,2
1987.0,TowSixZeroZero,Sports,2
1987.0,NES,Adventure,1
1987.0,TowSixZeroZero,Action,1
1986.0,NES,Action,6
1986.0,NES,Platform,6
1986.0,NES,Shooter,3
1986.0,NES,Sports,2
1986.0,NES,Racing,1
1986.0,NES,Role Playing,1
1986.0,TowSixZeroZero,Shooter,1
1986.0,TowSixZeroZero,Sports,1
1985.0,NES,Platform,4
1985.0,NES,Puzzle,2
1985.0,DS,Action,1
1985.0,NES,Action,1
1985.0,NES,Fighting,1
1985.0,NES,Shooter,1
1985.0,NES,Sports,1
1985.0,PC,Simulation,1
1985.0,TowSixZeroZero,Puzzle,1
1984.0,NES,Shooter,3
1984.0,NES,Puzzle,2
1984.0,NES,Sports,2
1984.0,NES,Action,1
1984.0,NES,Misc,1
1984.0,NES,Platform,1
1984.0,NES,Racing,1
1984.0,TowSixZeroZero,Racing,1
1983.0,TowSixZeroZero,Action,7
1983.0,NES,Platform,3
1983.0,NES,Misc,1
1983.0,NES,Sports,1
1983.0,TowSixZeroZero,Adventure,1
1983.0,TowSixZeroZero,Platform,1
1983.0,TowSixZeroZero,Puzzle,1
1983.0,TowSixZeroZero,Shooter,1
1982.0,TowSixZeroZero,Action,18
1982.0,TowSixZeroZero,Shooter,5
1982.0,TowSixZeroZero,Platform,3
1982.0,TowSixZeroZero,Puzzle,2
1982.0,TowSixZeroZero,Racing,2
1982.0,TowSixZeroZero,Sports,2
1982.0,TowSixZeroZero,Misc,1
1981.0,TowSixZeroZero,Action,29
1981.0,TowSixZeroZero,Shooter,12
1981.0,TowSixZeroZero,Sports,6
1981.0,TowSixZeroZero,Puzzle,5
1981.0,TowSixZeroZero,Racing,3
1981.0,TowSixZeroZero,Platform,2
1981.0,TowSixZeroZero,Adventure,1
1981.0,TowSixZeroZero,Fighting,1
1981.0,TowSixZeroZero,Simulation,1
1980.0,TowSixZeroZero,Misc,4
1980.0,TowSixZeroZero,Shooter,2
1980.0,TowSixZeroZero,Action,1
1980.0,TowSixZeroZero,Fighting,1
