final_age,final_gender,device_type,time_spent,items_viewed,daily_screen_time,social_media_hours,stress_level,addiction_level,purchase_amount,total_spent
40,Male,Tablet,87,12,,,,,,1187
38,Female,Tablet,71,22,,,,,,153
36,Male,Tablet,59,20,,,,,,1055
36,Male,Mobile,39,18,,,,,,991
53,Male,Desktop,3,1,,,,,,588
46,Female,Desktop,76,30,,,,,,252
35,Male,Mobile,7,33,,,,,,1129
19,Male,Desktop,49,24,,,,,,706
18,Male,Tablet,26,14,,,,,,100
64,Female,Desktop,33,36,,,,,,1412
22,Male,Desktop,101,5,,,,,,286
37,Male,Desktop,48,11,,,,,,326
28,Male,Tablet,79,24,,,,,,1424
59,Male,Mobile,2,31,,,,,,1306
19,Female,Tablet,105,13,,,,,,533
20,Male,Mobile,71,16,,,,,,267
40,Female,Mobile,32,24,,,,,,584
29,Female,Mobile,4,13,,,,,,1321
37,Female,Desktop,20,24,,,,,,298
22,Male,Desktop,114,26,,,,,,399
54,Female,Mobile,117,2,,,,,,517
55,Male,Mobile,36,16,,,,,,925
47,Female,Desktop,32,38,,,,,,814
26,Female,Tablet,28,46,,,,,,1208
51,Female,Mobile,77,1,,,,,,924
61,Female,Tablet,1,49,,,,,,697
52,Female,Desktop,60,11,,,,,,239
39,Female,Mobile,56,35,,,,,,956
61,Female,Tablet,35,43,,,,,,1365
41,Female,Tablet,112,29,,,,,,1036
34,Male,Tablet,30,37,,,,,,1471
27,Male,Desktop,54,17,,,,,,543
47,Female,Desktop,36,39,,,,,,824
63,Female,Tablet,55,42,,,,,,1119
40,Female,Tablet,89,28,,,,,,276
49,Male,Desktop,80,29,,,,,,1033
34,Female,Tablet,58,43,,,,,,1247
34,Male,Tablet,83,3,,,,,,1146
31,Male,Desktop,65,10,,,,,,597
26,Male,Tablet,69,42,,,,,,980
57,Male,Tablet,51,14,,,,,,119
19,Male,Tablet,22,12,,,,,,267
62,Female,Desktop,88,47,,,,,,1334
42,Female,Tablet,107,42,,,,,,1450
56,Female,Desktop,109,30,,,,,,211
26,Female,Desktop,116,32,,,,,,307
39,Female,Mobile,101,32,,,,,,116
60,Male,Mobile,53,42,,,,,,1445
63,Female,Tablet,100,32,,,,,,1313
21,Female,Desktop,36,26,,,,,,189
43,Male,Mobile,68,1,,,,,,905
46,Female,Tablet,36,42,,,,,,225
62,Male,Mobile,52,2,,,,,,1472
51,Female,Mobile,53,17,,,,,,1145
40,Male,Desktop,82,30,,,,,,1098
54,Female,Desktop,50,39,,,,,,902
28,Female,Mobile,80,7,,,,,,1098
23,Male,Mobile,41,27,,,,,,626
35,Male,Desktop,18,9,,,,,,431
38,Male,Tablet,22,22,,,,,,648
59,Male,Desktop,66,34,,,,,,572
53,Male,Mobile,21,46,,,,,,447
58,Male,Tablet,100,49,,,,,,605
55,Male,Mobile,44,1,,,,,,1165
51,Male,Tablet,103,9,,,,,,508
34,Female,Mobile,47,20,,,,,,135
54,Female,Tablet,39,19,,,,,,222
42,Male,Tablet,29,36,,,,,,692
55,Female,Mobile,54,40,,,,,,175
29,Female,Tablet,90,45,,,,,,616
40,Female,Desktop,85,4,,,,,,996
59,Female,Mobile,17,9,,,,,,1157
39,Male,Desktop,80,41,,,,,,61
38,Female,Mobile,60,22,,,,,,1209
44,Male,Tablet,31,18,,,,,,250
48,Female,Tablet,115,12,,,,,,148
23,Female,Tablet,73,42,,,,,,1079
44,Female,Mobile,95,43,,,,,,372
57,Male,Desktop,78,39,,,,,,1487
51,Female,Desktop,49,9,,,,,,222
29,Male,Mobile,101,6,,,,,,620
62,Female,Mobile,2,19,,,,,,1285
24,Male,Desktop,116,48,,,,,,1184
27,Female,Desktop,48,47,,,,,,446
62,Male,Desktop,110,7,,,,,,845
34,Male,Desktop,14,16,,,,,,960
43,Female,Mobile,59,5,,,,,,703
38,Male,Mobile,97,16,,,,,,880
45,Female,Tablet,99,1,,,,,,780
63,Female,Desktop,58,37,,,,,,766
19,Female,Tablet,103,39,,,,,,949
60,Female,Mobile,58,19,,,,,,927
18,Female,Mobile,111,37,,,,,,939
53,Female,Tablet,51,17,,,,,,29
43,Female,Desktop,84,26,,,,,,810
46,Female,Desktop,2,22,,,,,,768
38,Female,Desktop,115,8,,,,,,1088
28,Female,Desktop,41,33,,,,,,1495
57,Female,Tablet,83,2,,,,,,438
28,Male,Tablet,101,30,,,,,,883
53,Male,Mobile,82,47,,,,,,1094
56,Female,Desktop,16,20,,,,,,914
57,Female,Desktop,4,18,,,,,,569
52,Female,Desktop,12,43,,,,,,110
51,Female,Tablet,29,10,,,,,,100
64,Female,Desktop,7,24,,,,,,172
41,Female,Tablet,14,4,,,,,,46
39,Female,Desktop,119,37,,,,,,108
22,Female,Desktop,12,4,,,,,,1232
50,Male,Mobile,99,13,,,,,,524
53,Female,Desktop,5,25,,,,,,286
64,Male,Desktop,81,13,,,,,,1071
37,Female,Mobile,106,18,,,,,,951
36,Female,Tablet,32,24,,,,,,1138
52,Male,Tablet,74,2,,,,,,1238
60,Female,Desktop,43,48,,,,,,753
34,Male,Tablet,81,33,,,,,,835
62,Female,Desktop,69,19,,,,,,53
60,Female,Mobile,45,9,,,,,,119
51,Male,Mobile,106,28,,,,,,1183
26,Female,Desktop,9,35,,,,,,507
43,Male,Mobile,49,39,,,,,,990
19,Female,Mobile,33,10,,,,,,75
26,Male,Desktop,100,1,,,,,,1016
26,Male,Desktop,100,42,,,,,,1364
57,Female,Mobile,18,21,,,,,,71
34,Female,Tablet,9,9,,,,,,971
18,Male,Tablet,62,47,,,,,,1241
42,Female,Desktop,57,15,,,,,,185
60,Female,Desktop,29,35,,,,,,617
57,Female,Tablet,114,5,,,,,,701
59,Male,Mobile,78,41,,,,,,607
42,Male,Tablet,25,22,,,,,,252
56,Male,Tablet,15,41,,,,,,1242
52,Male,Tablet,6,23,,,,,,363
20,Male,Tablet,42,7,,,,,,253
54,Male,Desktop,29,23,,,,,,642
61,Male,Desktop,79,44,,,,,,954
61,Male,Mobile,93,25,,,,,,1116
47,Male,Mobile,4,27,,,,,,667
55,Female,Mobile,82,41,,,,,,180
51,Male,Mobile,114,6,,,,,,727
29,Female,Tablet,57,34,,,,,,430
36,Female,Desktop,49,9,,,,,,775
54,Female,Desktop,44,49,,,,,,707
61,Male,Mobile,103,33,,,,,,85
34,Male,Mobile,80,6,,,,,,931
27,Male,Tablet,75,37,,,,,,142
64,Male,Tablet,14,31,,,,,,1461
29,Female,Mobile,3,34,,,,,,474
33,Male,Desktop,115,41,,,,,,354
41,Male,Desktop,114,29,,,,,,1154
36,Male,Desktop,62,14,,,,,,1337
25,Male,Mobile,106,36,,,,,,1258
48,Male,Desktop,64,36,,,,,,1488
38,Female,Tablet,102,15,,,,,,1373
34,Male,Tablet,45,8,,,,,,314
40,Female,Mobile,106,26,,,,,,1048
54,Male,Tablet,82,36,,,,,,1006
33,Female,Mobile,58,48,,,,,,273
23,Male,Desktop,20,21,,,,,,1031
25,Male,Desktop,58,28,,,,,,774
42,Female,Desktop,112,4,,,,,,20
35,Female,Tablet,89,16,,,,,,610
42,Female,Mobile,57,22,,,,,,1386
29,Male,Desktop,102,12,,,,,,817
32,Female,Mobile,77,16,,,,,,1161
43,Male,Desktop,68,40,,,,,,1340
58,Male,Tablet,119,38,,,,,,486
62,Female,Tablet,78,42,,,,,,899
43,Female,Mobile,97,37,,,,,,1333
64,Male,Tablet,92,29,,,,,,273
49,Male,Tablet,52,18,,,,,,418
27,Female,Mobile,37,10,,,,,,29
33,Female,Desktop,8,42,,,,,,320
24,Female,Tablet,44,39,,,,,,575
34,Male,Mobile,98,18,,,,,,729
40,Male,Tablet,108,1,,,,,,1012
43,Male,Tablet,5,39,,,,,,1304
38,Male,Tablet,118,21,,,,,,393
39,Male,Tablet,69,1,,,,,,726
24,Male,Mobile,31,15,,,,,,448
31,Female,Mobile,45,4,,,,,,1003
32,Male,Mobile,9,20,,,,,,1455
24,Male,Tablet,106,10,,,,,,1085
26,Male,Tablet,32,23,,,,,,701
25,Female,Tablet,33,41,,,,,,975
40,Male,Mobile,67,34,,,,,,725
46,Male,Tablet,30,46,,,,,,372
35,Female,Desktop,114,48,,,,,,346
48,Male,Tablet,76,33,,,,,,308
47,Male,Desktop,29,34,,,,,,768
56,Male,Tablet,3,39,,,,,,1402
52,Male,Mobile,90,10,,,,,,820
35,Male,Tablet,57,20,,,,,,116
59,Female,Desktop,30,1,,,,,,882
56,Female,Desktop,9,13,,,,,,1034
34,Female,Tablet,26,1,,,,,,934
31,Male,Desktop,2,5,,,,,,707
48,Male,Desktop,62,16,,,,,,850
41,Male,Mobile,3,15,,,,,,948
52,Female,Tablet,46,49,,,,,,283
61,Male,Tablet,68,28,,,,,,386
62,Male,Tablet,25,31,,,,,,17
51,Female,Desktop,51,23,,,,,,307
20,Male,Tablet,13,48,,,,,,164
54,Female,Tablet,103,45,,,,,,158
60,Female,Mobile,44,43,,,,,,758
57,Female,Mobile,35,17,,,,,,185
43,Male,Mobile,55,49,,,,,,1208
40,Male,Desktop,87,34,,,,,,381
61,Male,Tablet,9,13,,,,,,780
56,Male,Mobile,2,14,,,,,,1196
32,Male,Mobile,61,11,,,,,,1242
21,Male,Mobile,118,28,,,,,,1178
46,Male,Tablet,41,42,,,,,,20
39,Female,Tablet,44,32,,,,,,1119
42,Male,Tablet,64,35,,,,,,1148
30,Female,Desktop,31,31,,,,,,257
35,Male,Desktop,108,17,,,,,,1088
50,Male,Mobile,47,47,,,,,,1294
33,Male,Tablet,2,9,,,,,,1437
62,Female,Mobile,96,10,,,,,,35
59,Female,Tablet,82,8,,,,,,1049
61,Female,Tablet,77,21,,,,,,735
19,Female,Tablet,110,13,,,,,,293
52,Male,Desktop,69,5,,,,,,502
59,Female,Desktop,58,6,,,,,,1433
51,Male,Tablet,106,30,,,,,,552
47,Male,Mobile,44,31,,,,,,965
30,Female,Tablet,74,17,,,,,,136
30,Female,Tablet,56,11,,,,,,1352
35,Female,Mobile,43,20,,,,,,862
49,Female,Tablet,89,48,,,,,,1160
49,Female,Mobile,34,9,,,,,,525
52,Female,Desktop,101,2,,,,,,34
56,Female,Desktop,30,37,,,,,,631
63,Female,Mobile,71,1,,,,,,1329
46,Male,Desktop,70,4,,,,,,8
46,Female,Desktop,118,36,,,,,,1353
61,Female,Mobile,55,25,,,,,,513
33,Male,Desktop,67,3,,,,,,1265
61,Female,Tablet,13,9,,,,,,20
64,Male,Tablet,3,22,,,,,,1001
27,Male,Mobile,26,23,,,,,,1474
47,Female,Desktop,57,12,,,,,,960
42,Male,Tablet,24,10,,,,,,1258
56,Male,Tablet,53,34,,,,,,1135
37,Male,Desktop,70,43,,,,,,1417
22,Male,Desktop,43,10,,,,,,267
18,Female,Tablet,60,30,,,,,,1093
47,Male,Tablet,58,22,,,,,,269
20,Female,Mobile,49,6,,,,,,1366
62,Male,Mobile,42,2,,,,,,1329
31,Male,Tablet,76,30,,,,,,382
47,Male,Mobile,113,2,,,,,,1203
21,Male,Tablet,100,32,,,,,,967
35,Female,Tablet,66,42,,,,,,1180
54,Female,Mobile,11,16,,,,,,480
42,Male,Mobile,103,12,,,,,,1294
18,Male,Desktop,98,1,,,,,,333
63,Female,Desktop,90,8,,,,,,1191
32,Male,Desktop,18,48,,,,,,442
26,Male,Tablet,85,13,,,,,,1371
32,Male,Mobile,100,15,,,,,,1395
41,Female,Tablet,104,44,,,,,,1493
21,Female,Mobile,52,8,,,,,,1227
29,Female,Tablet,46,10,,,,,,20
54,Male,Desktop,44,46,,,,,,1324
54,Male,Desktop,22,5,,,,,,872
60,Female,Desktop,53,19,,,,,,515
23,Female,Tablet,59,47,,,,,,988
56,Female,Mobile,94,38,,,,,,1267
63,Female,Mobile,114,11,,,,,,585
41,Male,Desktop,107,43,,,,,,1329
28,Female,Desktop,30,20,,,,,,10
30,Male,Desktop,8,20,,,,,,1248
51,Female,Desktop,98,21,,,,,,1023
42,Male,Mobile,57,18,,,,,,1481
24,Female,Tablet,111,10,,,,,,1461
21,Female,Tablet,73,34,,,,,,811
25,Female,Tablet,115,26,,,,,,1414
37,Female,Tablet,20,30,,,,,,623
46,Male,Desktop,104,9,,,,,,1323
62,Female,Desktop,25,46,,,,,,1146
63,Male,Desktop,19,31,,,,,,409
27,Male,Tablet,5,42,,,,,,1001
60,Male,Desktop,75,4,,,,,,598
51,Male,Desktop,79,6,,,,,,570
43,Female,Mobile,72,14,,,,,,756
58,Male,Mobile,83,4,,,,,,16
20,Male,Desktop,87,26,,,,,,1237
23,Male,Mobile,27,47,,,,,,169
22,Female,Mobile,40,48,,,,,,882
22,Female,Desktop,96,39,,,,,,1322
64,Female,Desktop,26,17,,,,,,82
40,Female,Desktop,27,19,,,,,,1462
26,Male,Desktop,62,49,,,,,,618
52,Male,Tablet,83,6,,,,,,873
37,Female,Tablet,50,29,,,,,,816
59,Male,Desktop,42,11,,,,,,1105
52,Male,Mobile,29,16,,,,,,1076
35,Male,Desktop,39,30,,,,,,771
34,Female,Desktop,60,25,,,,,,86
41,Female,Mobile,41,40,,,,,,213
20,Male,Tablet,33,11,,,,,,1473
49,Female,Desktop,83,7,,,,,,526
52,Female,Desktop,101,26,,,,,,1057
55,Female,Tablet,83,22,,,,,,1332
30,Female,Tablet,97,25,,,,,,998
64,Female,Mobile,111,19,,,,,,469
42,Male,Tablet,16,31,,,,,,1474
26,Female,Tablet,23,26,,,,,,632
21,Male,Tablet,7,42,,,,,,785
31,Male,Mobile,26,41,,,,,,1456
54,Female,Tablet,96,36,,,,,,563
51,Male,Tablet,12,23,,,,,,1387
28,Male,Mobile,72,47,,,,,,964
58,Male,Tablet,5,13,,,,,,95
20,Female,Tablet,106,25,,,,,,1081
45,Female,Mobile,92,2,,,,,,864
46,Male,Desktop,117,2,,,,,,1232
26,Female,Mobile,69,16,,,,,,560
20,Female,Tablet,49,9,,,,,,160
42,Female,Tablet,26,28,,,,,,6
51,Female,Tablet,5,13,,,,,,1385
29,Male,Mobile,22,35,,,,,,829
59,Male,Tablet,79,41,,,,,,806
26,Female,Tablet,13,13,,,,,,987
32,Female,Mobile,28,31,,,,,,1086
57,Male,Desktop,33,21,,,,,,1282
42,Male,Desktop,107,32,,,,,,1208
22,Female,Tablet,23,34,,,,,,497
28,Male,Mobile,97,8,,,,,,673
51,Female,Tablet,107,41,,,,,,1063
41,Female,Mobile,18,48,,,,,,79
32,Male,Mobile,114,2,,,,,,948
55,Male,Desktop,117,38,,,,,,1317
25,Female,Desktop,30,32,,,,,,375
22,Female,Mobile,26,40,,,,,,591
43,Male,Tablet,16,28,,,,,,333
35,Female,Desktop,77,37,,,,,,594
23,Male,Tablet,39,41,,,,,,781
54,Female,Desktop,33,1,,,,,,308
30,Male,Desktop,26,41,,,,,,583
45,Male,Tablet,48,10,,,,,,225
22,Male,Desktop,65,4,,,,,,983
30,Female,Desktop,113,35,,,,,,1192
34,Female,Tablet,38,10,,,,,,1483
57,Male,Desktop,2,47,,,,,,379
62,Female,Desktop,113,11,,,,,,1248
49,Male,Desktop,6,14,,,,,,1282
46,Male,Tablet,46,38,,,,,,192
20,Female,Mobile,50,12,,,,,,1219
57,Female,Tablet,38,45,,,,,,1417
51,Male,Mobile,106,17,,,,,,1243
57,Female,Desktop,88,16,,,,,,1403
44,Female,Mobile,18,35,,,,,,1114
30,Male,Tablet,27,2,,,,,,478
62,Male,Tablet,41,11,,,,,,848
50,Female,Desktop,72,41,,,,,,535
23,Male,Mobile,92,3,,,,,,1075
41,Male,Desktop,74,29,,,,,,1093
36,Female,Desktop,17,18,,,,,,967
33,Male,Tablet,119,20,,,,,,479
57,Male,Mobile,62,47,,,,,,1174
45,Female,Mobile,29,14,,,,,,950
50,Female,Mobile,58,34,,,,,,1410
58,Male,Mobile,70,49,,,,,,1094
30,Male,Desktop,78,31,,,,,,521
60,Female,Desktop,22,40,,,,,,1121
62,Female,Tablet,118,42,,,,,,430
42,Female,Desktop,6,18,,,,,,1496
59,Female,Desktop,26,30,,,,,,1122
53,Male,Tablet,39,25,,,,,,137
44,Female,Tablet,12,19,,,,,,1462
55,Female,Tablet,99,8,,,,,,1369
24,Male,Desktop,14,28,,,,,,318
22,Female,Desktop,22,8,,,,,,595
60,Male,Tablet,51,31,,,,,,1240
62,Female,Tablet,23,3,,,,,,1013
48,Female,Tablet,48,3,,,,,,163
40,Female,Desktop,71,44,,,,,,1296
59,Male,Desktop,104,22,,,,,,665
27,Male,Mobile,50,17,,,,,,752
49,Female,Desktop,89,36,,,,,,805
60,Male,Desktop,13,17,,,,,,414
47,Male,Desktop,85,14,,,,,,1384
56,Male,Tablet,105,9,,,,,,684
48,Male,Desktop,10,30,,,,,,1221
35,Male,Tablet,117,21,,,,,,1299
53,Male,Mobile,55,12,,,,,,118
19,Female,Mobile,9,37,,,,,,901
31,Female,Tablet,79,32,,,,,,1083
30,Male,Tablet,52,11,,,,,,69
46,Female,Tablet,2,20,,,,,,688
29,Female,Desktop,25,35,,,,,,1300
56,Female,Mobile,13,47,,,,,,1390
19,Female,Tablet,98,46,,,,,,150
49,Male,Desktop,51,11,,,,,,947
30,Female,Mobile,58,8,,,,,,1237
63,Female,Desktop,34,4,,,,,,1314
44,Male,Mobile,35,27,,,,,,1038
58,Male,Desktop,102,44,,,,,,743
34,Female,Mobile,3,40,,,,,,190
57,Female,Mobile,106,38,,,,,,1492
48,Female,Desktop,59,47,,,,,,1162
51,Female,Tablet,70,30,,,,,,839
41,Female,Mobile,119,44,,,,,,813
62,Female,Tablet,48,48,,,,,,175
52,Male,Desktop,64,48,,,,,,217
23,Female,Tablet,113,27,,,,,,31
36,Female,Tablet,19,21,,,,,,1018
47,Male,Tablet,67,20,,,,,,1096
24,Male,Tablet,82,4,,,,,,794
27,Male,Tablet,103,11,,,,,,412
58,Male,Mobile,73,13,,,,,,1137
49,Female,Mobile,116,9,,,,,,78
51,Female,Mobile,76,4,,,,,,582
45,Female,Desktop,5,12,,,,,,684
32,Female,Tablet,67,9,,,,,,1290
47,Female,Mobile,11,13,,,,,,1396
54,Female,Desktop,94,48,,,,,,790
46,Male,Mobile,68,26,,,,,,853
39,Female,Mobile,69,38,,,,,,874
21,Male,Tablet,1,42,,,,,,241
37,Male,Desktop,91,13,,,,,,731
49,Female,Tablet,92,39,,,,,,1394
53,Male,Tablet,63,28,,,,,,1314
21,Female,Mobile,29,19,,,,,,382
44,Male,Tablet,82,24,,,,,,665
34,Female,Desktop,12,19,,,,,,834
29,Male,Tablet,77,49,,,,,,910
39,Female,Tablet,41,13,,,,,,380
34,Female,Tablet,2,13,,,,,,623
27,Female,Mobile,37,28,,,,,,657
18,Female,Desktop,45,2,,,,,,1104
39,Female,Mobile,80,10,,,,,,1037
43,Male,Mobile,48,22,,,,,,200
35,Male,Mobile,24,13,,,,,,811
31,Male,Mobile,99,9,,,,,,897
64,Female,Mobile,22,33,,,,,,1318
46,Male,Desktop,100,14,,,,,,1089
29,Female,Tablet,11,48,,,,,,941
53,Female,Mobile,119,20,,,,,,1417
52,Male,Mobile,58,15,,,,,,851
29,Male,Desktop,46,32,,,,,,822
24,Female,Desktop,29,33,,,,,,568
46,Male,Tablet,35,17,,,,,,638
28,Female,Desktop,112,24,,,,,,683
50,Female,Tablet,118,30,,,,,,1022
23,Female,Mobile,15,13,,,,,,12
64,Female,Mobile,60,47,,,,,,1397
32,Female,Tablet,95,48,,,,,,1073
49,Male,Desktop,42,16,,,,,,348
28,Male,Tablet,105,2,,,,,,800
40,Female,Desktop,43,17,,,,,,1403
43,Female,Mobile,80,32,,,,,,1055
51,Male,Desktop,74,43,,,,,,1221
63,Male,Tablet,49,8,,,,,,853
51,Female,Tablet,64,3,,,,,,1385
46,Male,Mobile,32,12,,,,,,66
21,Female,Desktop,64,20,,,,,,1090
34,Male,Desktop,115,16,,,,,,426
52,Female,Desktop,2,14,,,,,,637
30,Male,Mobile,24,16,,,,,,796
58,Female,Desktop,87,49,,,,,,555
56,Male,Tablet,66,43,,,,,,1408
32,Male,Desktop,38,49,,,,,,1305
46,Female,Mobile,31,33,,,,,,610
46,Male,Desktop,115,30,,,,,,1459
28,Female,Desktop,104,12,,,,,,1143
49,Male,Tablet,26,15,,,,,,1149
19,Female,Desktop,29,18,,,,,,529
64,Male,Tablet,67,28,,,,,,903
31,Female,Tablet,78,23,,,,,,1444
37,Male,Mobile,25,14,,,,,,167
39,Female,Tablet,48,30,,,,,,791
28,Male,Tablet,65,33,,,,,,914
44,Female,Mobile,53,45,,,,,,986
20,Female,Tablet,67,15,,,,,,1365
34,Female,Mobile,118,7,,,,,,383
61,Male,Desktop,90,15,,,,,,1352
45,Female,Mobile,18,42,,,,,,177
46,Male,Tablet,9,46,,,,,,1004
38,Female,Mobile,38,38,,,,,,68
64,Male,Tablet,87,46,,,,,,1129
33,Female,Desktop,21,44,,,,,,1350
54,Male,Mobile,65,11,,,,,,979
37,Male,Desktop,21,29,,,,,,70
23,Female,Tablet,27,31,,,,,,462
36,Male,Tablet,106,25,,,,,,457
22,Male,Desktop,70,24,,,,,,1287
20,Female,Mobile,119,19,,,,,,1454
18,Male,Mobile,44,2,,,,,,983
55,Male,Tablet,100,22,,,,,,182
32,Male,Desktop,28,20,,,,,,284
51,Female,Desktop,45,33,,,,,,348
52,Male,Mobile,17,8,,,,,,1045
42,Female,Mobile,40,25,,,,,,300
41,Male,Mobile,116,46,,,,,,206
29,Male,Desktop,3,9,,,,,,966
35,Male,Mobile,76,34,,,,,,688
32,Female,Mobile,103,23,,,,,,1222
61,Male,Tablet,76,5,,,,,,1177
33,Male,Mobile,66,25,,,,,,379
44,Female,Mobile,46,8,,,,,,39
25,Male,Desktop,86,16,,,,,,1397
63,Female,Desktop,87,48,,,,,,33
42,Female,Tablet,30,45,,,,,,779
34,Male,Mobile,69,15,,,,,,225
46,Female,Tablet,9,1,,,,,,57
25,Male,Desktop,85,22,,,,,,795
32,Female,Tablet,11,3,,,,,,1381
44,Female,Desktop,69,38,,,,,,1420
63,Male,Tablet,99,14,,,,,,80
24,Female,Tablet,91,36,,,,,,498
20,Female,Mobile,113,18,,,,,,121
46,Female,Tablet,66,47,,,,,,284
61,Female,Mobile,88,41,,,,,,1203
41,Female,Mobile,31,18,,,,,,750
20,Male,Mobile,33,3,,,,,,953
37,Female,Mobile,39,10,,,,,,768
63,Male,Tablet,94,49,,,,,,299
32,Female,Desktop,46,39,,,,,,1022
42,Male,Desktop,37,47,,,,,,1479
47,Male,Desktop,115,1,,,,,,1049
31,Female,Tablet,92,27,,,,,,1101
24,Female,Mobile,60,27,,,,,,846
34,Female,Desktop,31,11,,,,,,1064
61,Male,Tablet,11,49,,,,,,1261
37,Female,Mobile,87,5,,,,,,501
53,Male,Desktop,2,7,,,,,,210
26,Male,Mobile,104,19,,,,,,430
55,Male,Desktop,105,29,,,,,,48
39,Female,Desktop,27,15,,,,,,1119
19,Female,Desktop,99,35,,,,,,1498
41,Male,Mobile,2,47,,,,,,609
25,Male,Tablet,103,37,,,,,,1495
28,Female,Mobile,101,12,,,,,,458
30,Male,Desktop,21,30,,,,,,599
34,Female,Mobile,58,20,,,,,,1361
25,Male,Tablet,5,37,,,,,,511
38,Female,Mobile,52,3,,,,,,798
35,Male,Tablet,45,9,,,,,,1498
47,Female,Tablet,85,41,,,,,,25
35,Male,Mobile,93,39,,,,,,1256
63,Female,Desktop,20,26,,,,,,1404
64,Female,Tablet,61,2,,,,,,1158
48,Male,Mobile,38,23,,,,,,624
55,Male,Tablet,20,23,,,,,,418
49,Female,Desktop,114,21,,,,,,1099
28,Male,Mobile,25,16,,,,,,1432
62,Female,Mobile,2,9,,,,,,1425
42,Male,Mobile,32,13,,,,,,341
50,Female,Desktop,26,28,,,,,,914
55,Female,Tablet,70,27,,,,,,280
58,Female,Mobile,41,17,,,,,,896
25,Female,Tablet,67,38,,,,,,17
28,Female,Tablet,97,36,,,,,,1031
39,Female,Desktop,1,1,,,,,,982
41,Male,Mobile,51,18,,,,,,1252
58,Male,Tablet,5,9,,,,,,978
34,Male,Mobile,13,13,,,,,,179
29,Female,Mobile,19,40,,,,,,1413
63,Female,Desktop,12,45,,,,,,245
49,Female,Mobile,48,15,,,,,,551
32,Female,Mobile,25,43,,,,,,18
33,Male,Tablet,57,44,,,,,,1223
39,Male,Desktop,115,46,,,,,,1425
45,Female,Mobile,35,4,,,,,,1459
37,Male,Tablet,76,33,,,,,,1334
50,Male,Desktop,94,24,,,,,,1362
27,Female,Desktop,5,36,,,,,,729
57,Male,Tablet,98,41,,,,,,1438
49,Female,Tablet,22,10,,,,,,7
50,Male,Tablet,103,36,,,,,,695
19,Female,Tablet,77,20,,,,,,1480
50,Female,Tablet,57,41,,,,,,751
50,Female,Mobile,47,45,,,,,,773
58,Female,Mobile,54,44,,,,,,876
30,Male,Desktop,3,11,,,,,,499
47,Female,Mobile,53,12,,,,,,421
50,Female,Mobile,84,18,,,,,,1419
30,Female,Mobile,31,30,,,,,,1401
43,Male,Tablet,69,44,,,,,,632
39,Female,Desktop,88,48,,,,,,1080
56,Male,Desktop,104,37,,,,,,1404
19,Female,Desktop,118,20,,,,,,1423
55,Male,Desktop,33,25,,,,,,1025
56,Male,Mobile,72,12,,,,,,146
43,Female,Mobile,88,21,,,,,,1114
63,Male,Tablet,50,25,,,,,,1492
32,Female,Desktop,84,11,,,,,,50
51,Female,Mobile,16,9,,,,,,848
59,Female,Mobile,114,25,,,,,,1013
61,Male,Tablet,116,35,,,,,,1266
57,Male,Tablet,76,32,,,,,,14
28,Female,Tablet,77,49,,,,,,668
20,Female,Mobile,109,14,,,,,,577
23,Male,Mobile,106,1,,,,,,653
26,Female,Tablet,39,17,,,,,,917
23,Female,Desktop,89,25,,,,,,644
26,Female,Tablet,46,8,,,,,,620
56,Male,Tablet,96,5,,,,,,702
48,Male,Tablet,88,5,,,,,,913
49,Male,Tablet,112,41,,,,,,182
58,Female,Mobile,47,35,,,,,,873
29,Female,Desktop,44,19,,,,,,1034
25,Female,Tablet,9,23,,,,,,857
25,Male,Desktop,104,9,,,,,,311
45,Female,Desktop,114,30,,,,,,552
37,Female,Desktop,87,16,,,,,,331
64,Female,Tablet,50,33,,,,,,1384
24,Female,Mobile,77,2,,,,,,399
28,Male,Tablet,60,14,,,,,,304
37,Male,Desktop,96,46,,,,,,753
33,Female,Desktop,114,1,,,,,,289
21,Male,Mobile,15,26,,,,,,334
23,Male,Tablet,36,25,,,,,,54
39,Female,Desktop,113,16,,,,,,777
43,Female,Mobile,63,15,,,,,,382
20,Male,Desktop,69,26,,,,,,1004
58,Female,Mobile,86,47,,,,,,778
59,Male,Mobile,80,44,,,,,,1172
31,Female,Tablet,41,16,,,,,,1088
28,Male,Desktop,74,14,,,,,,872
35,Female,Tablet,24,29,,,,,,1103
29,Male,Desktop,82,24,,,,,,7
40,Male,Tablet,49,47,,,,,,752
29,Male,Desktop,18,15,,,,,,1476
30,Female,Tablet,7,19,,,,,,279
42,Male,Mobile,4,8,,,,,,219
62,Male,Desktop,90,34,,,,,,333
36,Female,Desktop,69,2,,,,,,259
63,Female,Mobile,60,27,,,,,,1415
53,Male,Tablet,55,10,,,,,,130
62,Male,Desktop,16,35,,,,,,771
25,Female,Desktop,99,23,,,,,,1352
46,Female,Tablet,90,49,,,,,,1232
49,Female,Mobile,82,8,,,,,,1200
61,Female,Tablet,29,28,,,,,,221
35,Female,Tablet,23,23,,,,,,1273
23,Male,Tablet,117,4,,,,,,1364
35,Female,Desktop,14,14,,,,,,1326
36,Male,Mobile,79,42,,,,,,836
39,Male,Mobile,49,29,,,,,,186
54,Male,Tablet,33,1,,,,,,338
49,Female,Desktop,25,4,,,,,,515
58,Male,Tablet,21,32,,,,,,387
20,Male,Desktop,17,33,,,,,,1227
45,Female,Desktop,23,49,,,,,,336
27,Male,Desktop,57,26,,,,,,1193
52,Male,Desktop,107,17,,,,,,1270
46,Female,Mobile,81,39,,,,,,904
32,Male,Desktop,58,23,,,,,,646
50,Male,Desktop,14,32,,,,,,1255
24,Male,Tablet,93,15,,,,,,638
29,Female,Tablet,20,13,,,,,,455
47,Female,Mobile,30,2,,,,,,200
38,Female,Tablet,19,19,,,,,,1232
48,Male,Desktop,53,24,,,,,,462
41,Male,Tablet,103,45,,,,,,834
37,Female,Mobile,56,24,,,,,,261
54,Male,Tablet,77,11,,,,,,1300
21,Male,Tablet,82,22,,,,,,13
45,Female,Mobile,23,15,,,,,,765
61,Female,Mobile,62,10,,,,,,953
37,Male,Desktop,110,41,,,,,,1229
41,Male,Tablet,33,27,,,,,,1087
49,Male,Desktop,103,9,,,,,,891
58,Female,Tablet,104,28,,,,,,397
53,Female,Tablet,18,1,,,,,,1147
51,Female,Desktop,73,17,,,,,,403
53,Female,Tablet,33,31,,,,,,335
19,Male,Tablet,32,44,,,,,,1295
32,Female,Tablet,61,10,,,,,,484
51,Female,Mobile,54,37,,,,,,138
53,Female,Desktop,17,29,,,,,,920
23,Female,Mobile,19,18,,,,,,939
56,Female,Desktop,91,47,,,,,,359
59,Male,Desktop,70,38,,,,,,588
29,Male,Tablet,99,39,,,,,,629
20,Female,Desktop,101,49,,,,,,1135
62,Male,Mobile,34,6,,,,,,294
35,Female,Mobile,84,40,,,,,,829
57,Female,Mobile,25,12,,,,,,633
38,Male,Desktop,68,14,,,,,,1023
32,Male,Mobile,74,44,,,,,,636
50,Female,Desktop,74,10,,,,,,1175
52,Female,Mobile,88,20,,,,,,331
43,Female,Mobile,85,15,,,,,,1443
25,Male,Desktop,11,31,,,,,,214
53,Female,Mobile,91,7,,,,,,1324
47,Female,Tablet,16,41,,,,,,1426
40,Female,Desktop,90,10,,,,,,1131
59,Male,Desktop,61,10,,,,,,640
61,Female,Desktop,94,48,,,,,,872
31,Female,Tablet,113,39,,,,,,1237
31,Male,Desktop,80,28,,,,,,432
19,Female,Mobile,7,30,,,,,,397
54,Female,Mobile,16,37,,,,,,830
22,Male,Mobile,99,3,,,,,,920
55,Female,Desktop,16,43,,,,,,1137
62,Male,Mobile,40,15,,,,,,352
58,Male,Desktop,12,21,,,,,,54
64,Female,Mobile,35,37,,,,,,920
31,Female,Tablet,113,12,,,,,,1133
56,Female,Tablet,21,4,,,,,,1448
42,Female,Tablet,50,47,,,,,,1401
37,Male,Tablet,43,9,,,,,,1055
19,Female,Desktop,100,39,,,,,,972
56,Male,Mobile,112,42,,,,,,804
23,Female,Tablet,17,28,,,,,,1301
34,Female,Desktop,32,23,,,,,,1021
42,Female,Tablet,41,45,,,,,,653
45,Male,Tablet,6,40,,,,,,1368
19,Female,Desktop,88,44,,,,,,305
52,Female,Desktop,27,22,,,,,,1293
54,Female,Mobile,20,24,,,,,,170
22,Female,Mobile,25,26,,,,,,320
18,Male,Tablet,66,30,,,,,,5
57,Female,Tablet,9,33,,,,,,1024
29,Male,Mobile,92,16,,,,,,1289
53,Male,Mobile,53,22,,,,,,67
62,Male,Desktop,61,49,,,,,,487
40,Male,Mobile,38,43,,,,,,1349
64,Male,Mobile,3,18,,,,,,1229
48,Male,Tablet,84,7,,,,,,226
28,Female,Mobile,70,26,,,,,,156
27,Male,Tablet,103,8,,,,,,648
20,Male,Mobile,97,6,,,,,,630
31,Male,Desktop,55,30,,,,,,1490
33,Female,Mobile,1,39,,,,,,221
27,Female,Mobile,101,23,,,,,,200
46,Male,Mobile,70,32,,,,,,1230
27,Female,Tablet,45,22,,,,,,999
29,Male,Desktop,98,42,,,,,,1019
47,Male,Mobile,47,43,,,,,,651
58,Female,Tablet,79,45,,,,,,1262
18,Male,Desktop,109,9,,,,,,1169
22,Female,Tablet,26,31,,,,,,712
37,Female,Tablet,14,7,,,,,,1085
25,Male,Desktop,54,9,,,,,,1170
60,Male,Mobile,71,13,,,,,,726
29,Female,Tablet,46,3,,,,,,644
18,Male,Tablet,31,35,,,,,,110
37,Male,Mobile,88,33,,,,,,169
45,Male,Mobile,59,21,,,,,,219
60,Female,Desktop,95,31,,,,,,1099
54,Female,Desktop,29,34,,,,,,94
64,Male,Desktop,106,32,,,,,,878
54,Female,Mobile,96,35,,,,,,1256
29,Female,Tablet,17,15,,,,,,1107
54,Female,Tablet,14,32,,,,,,612
61,Female,Desktop,104,6,,,,,,353
45,Female,Mobile,36,45,,,,,,898
64,Male,Tablet,58,21,,,,,,250
32,Male,Desktop,112,33,,,,,,276
23,Male,Tablet,24,32,,,,,,407
61,Female,Tablet,109,19,,,,,,1144
37,Female,Mobile,63,33,,,,,,1463
31,Male,Mobile,118,28,,,,,,1470
19,Female,Tablet,91,31,,,,,,1200
26,Male,Desktop,25,21,,,,,,1044
54,Male,Mobile,59,34,,,,,,965
37,Male,Tablet,32,15,,,,,,902
43,Female,Mobile,116,14,,,,,,1084
46,Female,Mobile,82,19,,,,,,1131
18,Male,Mobile,110,43,,,,,,288
52,Male,Tablet,18,15,,,,,,521
23,Male,Desktop,37,6,,,,,,622
54,Male,Desktop,26,9,,,,,,1306
22,Female,Desktop,9,37,,,,,,616
50,Female,Mobile,99,20,,,,,,754
31,Male,Tablet,64,34,,,,,,1297
29,Male,Mobile,72,38,,,,,,404
59,Female,Desktop,20,26,,,,,,90
37,Female,Desktop,54,18,,,,,,324
41,Male,Tablet,106,28,,,,,,1060
60,Male,Mobile,86,9,,,,,,340
51,Male,Desktop,83,32,,,,,,55
42,Female,Tablet,30,6,,,,,,1107
46,Female,Mobile,53,14,,,,,,178
56,Female,Mobile,92,28,,,,,,505
48,Male,Desktop,99,24,,,,,,80
64,Male,Desktop,107,13,,,,,,320
60,Female,Mobile,63,43,,,,,,1401
40,Female,Mobile,11,12,,,,,,1109
61,Male,Desktop,31,19,,,,,,701
55,Female,Mobile,49,21,,,,,,1014
37,Female,Desktop,112,27,,,,,,736
40,Male,Mobile,103,19,,,,,,1099
62,Female,Desktop,100,24,,,,,,973
33,Male,Tablet,94,26,,,,,,858
59,Male,Desktop,87,45,,,,,,670
25,Male,Desktop,19,28,,,,,,656
38,Male,Tablet,12,46,,,,,,1099
18,Male,Mobile,15,18,,,,,,50
25,Male,Tablet,31,44,,,,,,1075
46,Male,Desktop,43,36,,,,,,1450
49,Female,Mobile,101,42,,,,,,153
55,Male,Tablet,37,29,,,,,,914
22,Male,Mobile,79,17,,,,,,1158
64,Female,Mobile,29,4,,,,,,460
39,Female,Tablet,114,44,,,,,,881
64,Female,Mobile,107,45,,,,,,970
51,Male,Tablet,26,29,,,,,,873
18,Female,Desktop,108,4,,,,,,933
43,Male,Mobile,2,10,,,,,,1028
60,Male,Desktop,84,25,,,,,,1005
27,Male,Desktop,15,31,,,,,,778
47,Male,Mobile,116,3,,,,,,248
35,Female,Tablet,4,47,,,,,,478
34,Female,Mobile,86,2,,,,,,386
43,Male,Desktop,50,25,,,,,,1131
25,Male,Desktop,38,49,,,,,,493
64,Male,Tablet,23,6,,,,,,1065
57,Female,Mobile,59,26,,,,,,1361
29,Male,Desktop,90,8,,,,,,401
44,Male,Desktop,115,35,,,,,,300
25,Female,Desktop,75,27,,,,,,111
42,Female,Tablet,28,25,,,,,,864
63,Male,Desktop,66,18,,,,,,958
21,Female,Desktop,8,1,,,,,,534
50,Female,Mobile,29,48,,,,,,1111
18,Male,Mobile,11,39,,,,,,938
36,Female,Desktop,101,3,,,,,,292
48,Male,Desktop,18,4,,,,,,710
33,Female,Mobile,55,41,,,,,,1489
31,Male,Tablet,50,37,,,,,,219
22,Male,Tablet,14,15,,,,,,1309
58,Male,Tablet,118,8,,,,,,736
43,Female,Tablet,74,38,,,,,,1487
45,Male,Tablet,99,19,,,,,,348
19,Female,Tablet,9,47,,,,,,198
23,Male,Tablet,99,26,,,,,,162
26,Male,Tablet,11,39,,,,,,469
50,Female,Mobile,63,10,,,,,,108
58,Male,Tablet,108,38,,,,,,38
42,Male,Tablet,76,14,,,,,,1130
30,Female,Tablet,67,49,,,,,,643
26,Male,Desktop,53,41,,,,,,329
30,Male,Mobile,39,19,,,,,,695
48,Male,Mobile,78,30,,,,,,596
58,Male,Mobile,56,5,,,,,,145
28,Female,Tablet,28,31,,,,,,478
21,Female,Tablet,75,7,,,,,,1059
51,Male,Desktop,39,19,,,,,,888
55,Female,Mobile,25,31,,,,,,67
63,Male,Tablet,21,39,,,,,,1115
21,Female,Mobile,10,24,,,,,,308
55,Male,Desktop,43,34,,,,,,1089
36,Male,Desktop,15,23,,,,,,400
23,Male,Desktop,83,48,,,,,,338
51,Male,Mobile,48,45,,,,,,790
35,Male,Tablet,86,40,,,,,,415
30,Male,Tablet,21,6,,,,,,288
58,Female,Desktop,60,38,,,,,,470
40,Male,Tablet,116,41,,,,,,84
36,Female,Desktop,108,36,,,,,,788
62,Male,Mobile,96,27,,,,,,1105
28,Female,Desktop,50,11,,,,,,737
18,Female,Mobile,23,5,,,,,,1389
41,Female,Desktop,13,17,,,,,,81
24,Male,Tablet,69,7,,,,,,513
42,Male,Tablet,4,27,,,,,,1192
38,Female,Desktop,92,47,,,,,,1037
32,Male,Tablet,78,15,,,,,,1203
18,Female,Tablet,72,46,,,,,,466
29,Male,Tablet,9,13,,,,,,1335
24,Female,Mobile,115,11,,,,,,249
32,Female,Tablet,35,45,,,,,,126
38,Male,Mobile,101,26,,,,,,189
36,Female,Desktop,21,22,,,,,,36
46,Male,Tablet,58,28,,,,,,1002
42,Female,Tablet,18,24,,,,,,766
50,Female,Tablet,97,29,,,,,,573
49,Male,Desktop,72,9,,,,,,314
52,Male,Mobile,115,42,,,,,,1400
61,Male,Mobile,113,4,,,,,,834
55,Female,Tablet,81,49,,,,,,996
43,Male,Desktop,43,46,,,,,,1084
28,Female,Desktop,95,18,,,,,,795
52,Female,Desktop,98,43,,,,,,1301
25,Male,Desktop,6,16,,,,,,468
63,Male,Desktop,86,33,,,,,,682
31,Female,Mobile,78,29,,,,,,1484
27,Female,Mobile,67,39,,,,,,983
19,Male,Mobile,12,10,,,,,,674
63,Male,Tablet,100,9,,,,,,1277
26,Male,Desktop,12,31,,,,,,702
20,Male,Tablet,109,28,,,,,,998
38,Male,Desktop,66,3,,,,,,82
43,Female,Mobile,2,14,,,,,,538
25,Female,Tablet,15,25,,,,,,112
19,Female,Mobile,23,15,,,,,,1301
23,Female,Desktop,29,2,,,,,,768
45,Male,Desktop,81,24,,,,,,19
46,Male,Desktop,96,14,,,,,,374
43,Male,Mobile,7,48,,,,,,1332
42,Female,Desktop,94,7,,,,,,209
29,Female,Mobile,28,36,,,,,,1141
22,Male,Tablet,14,24,,,,,,869
51,Male,Desktop,44,27,,,,,,1281
54,Female,Desktop,30,37,,,,,,445
32,Female,Desktop,81,38,,,,,,1214
61,Male,Tablet,32,30,,,,,,863
53,Male,Desktop,110,27,,,,,,231
32,Female,Mobile,70,39,,,,,,532
60,Male,Mobile,115,15,,,,,,358
40,Male,Desktop,88,26,,,,,,627
23,Male,Desktop,6,1,,,,,,1029
63,Female,Tablet,27,4,,,,,,931
61,Female,Tablet,82,29,,,,,,1448
60,Female,Tablet,88,1,,,,,,1189
62,Female,Desktop,101,43,,,,,,165
38,Female,Tablet,24,46,,,,,,875
40,Female,Tablet,102,22,,,,,,1156
60,Female,Mobile,34,11,,,,,,1179
33,Male,Tablet,40,10,,,,,,448
64,Male,Mobile,47,17,,,,,,1499
32,Male,Mobile,79,36,,,,,,467
42,Male,Tablet,75,47,,,,,,1058
53,Male,Mobile,86,26,,,,,,477
28,Male,Desktop,118,48,,,,,,561
32,Male,Desktop,24,21,,,,,,84
21,Female,Tablet,65,13,,,,,,1067
38,Female,Desktop,18,9,,,,,,244
30,Male,Mobile,44,11,,,,,,561
39,Male,Desktop,76,11,,,,,,594
36,Female,Tablet,57,6,,,,,,1365
51,Male,Tablet,107,1,,,,,,1308
31,Male,Mobile,28,6,,,,,,1144
21,Female,Tablet,104,13,,,,,,273
63,Male,Desktop,71,22,,,,,,339
44,Female,Tablet,23,31,,,,,,316
46,Male,Mobile,85,22,,,,,,1081
64,Female,Tablet,34,37,,,,,,1096
45,Female,Desktop,11,47,,,,,,698
52,Female,Mobile,86,27,,,,,,38
25,Male,Desktop,106,14,,,,,,390
33,Female,Mobile,35,47,,,,,,253
59,Male,Tablet,116,5,,,,,,1139
53,Male,Mobile,93,36,,,,,,1122
47,Male,Mobile,42,32,,,,,,1438
35,Male,Tablet,28,34,,,,,,1207
19,Female,Desktop,82,7,,,,,,1075
30,Female,Tablet,78,42,,,,,,798
21,Male,Mobile,82,48,,,,,,856
43,Male,Tablet,92,10,,,,,,878
42,Female,Mobile,24,17,,,,,,380
47,Male,Tablet,8,30,,,,,,728
28,Female,Tablet,106,21,,,,,,206
24,Male,Desktop,118,13,,,,,,449
48,Male,Mobile,109,1,,,,,,301
61,Female,Desktop,53,1,,,,,,1336
27,Male,Mobile,72,47,,,,,,497
56,Female,Tablet,4,33,,,,,,342
30,Male,Mobile,91,38,,,,,,927
48,Male,Desktop,100,25,,,,,,1094
24,Male,Desktop,5,26,,,,,,796
59,Female,Desktop,97,13,,,,,,1450
59,Male,Mobile,49,28,,,,,,966
53,Male,Desktop,98,33,,,,,,321
37,Male,Desktop,30,37,,,,,,946
21,Male,Desktop,72,41,,,,,,630
24,Female,Tablet,103,30,,,,,,79
18,Female,Tablet,63,49,,,,,,943
61,Male,Mobile,47,48,,,,,,63
62,Female,Mobile,26,8,,,,,,390
59,Male,Desktop,57,49,,,,,,19
64,Male,Tablet,37,47,,,,,,1259
30,Male,Desktop,98,1,,,,,,203
39,Female,Desktop,7,12,,,,,,1382
38,Female,Tablet,40,5,,,,,,39
39,Female,Tablet,92,24,,,,,,166
45,Female,Tablet,39,6,,,,,,986
26,Female,Mobile,62,25,,,,,,803
43,Female,Mobile,103,1,,,,,,899
26,Female,Desktop,92,25,,,,,,475
32,Female,Mobile,78,1,,,,,,535
27,Female,Tablet,53,32,,,,,,796
41,Male,Tablet,114,42,,,,,,856
59,Female,Mobile,102,42,,,,,,1451
25,Female,Desktop,4,3,,,,,,352
41,Female,Desktop,106,49,,,,,,698
33,Female,Mobile,82,19,,,,,,939
43,Female,Desktop,108,43,,,,,,917
44,Female,Desktop,112,29,,,,,,151
54,Female,Desktop,25,2,,,,,,1402
21,Female,Tablet,7,9,,,,,,679
41,Female,Tablet,102,17,,,,,,1444
36,Female,Mobile,28,46,,,,,,691
53,Female,Tablet,69,36,,,,,,1284
56,Male,Desktop,67,17,,,,,,964
27,Male,Tablet,108,49,,,,,,690
42,Female,Mobile,95,12,,,,,,1131
35,Female,Tablet,111,20,,,,,,125
36,Male,Desktop,106,3,,,,,,423
53,Female,Desktop,20,43,,,,,,354
27,Male,Mobile,83,4,,,,,,46
50,Male,Tablet,112,17,,,,,,1395
22,Male,Tablet,11,37,,,,,,33
64,Male,Tablet,104,46,,,,,,970
52,Male,Desktop,67,42,,,,,,789
61,Female,Mobile,87,15,,,,,,18
51,Male,Tablet,7,33,,,,,,924
50,Female,Desktop,23,16,,,,,,822
38,Female,Desktop,61,11,,,,,,829
34,Male,Desktop,71,20,,,,,,1217
39,Male,Tablet,110,38,,,,,,876
54,Female,Tablet,34,24,,,,,,299
32,Male,Tablet,106,16,,,,,,1211
52,Male,Tablet,19,30,,,,,,868
45,Female,Tablet,58,34,,,,,,552
24,Female,Tablet,9,1,,,,,,1065
49,Male,Tablet,48,24,,,,,,1012
28,Female,Tablet,115,24,,,,,,1042
27,Male,Tablet,82,9,,,,,,639
26,Male,Desktop,41,22,,,,,,599
31,Male,Tablet,48,12,,,,,,1187
30,Female,Mobile,45,17,,,,,,1357
42,Female,Desktop,106,25,,,,,,618
19,Female,Tablet,25,28,,,,,,1111
52,Female,Mobile,116,15,,,,,,1050
24,Female,Tablet,78,30,,,,,,1160
38,Male,Mobile,108,27,,,,,,469
35,Male,Mobile,25,22,,,,,,1484
20,Male,Mobile,19,10,,,,,,1330
59,Male,Mobile,39,31,,,,,,959
56,Female,Desktop,119,27,,,,,,934
58,Male,Desktop,79,12,,,,,,1295
28,Female,Mobile,80,46,,,,,,803
56,Male,Tablet,27,31,,,,,,399
41,Female,Mobile,104,32,,,,,,1148
63,Female,Desktop,74,32,,,,,,250
36,Male,Tablet,63,41,,,,,,572
21,Male,Desktop,68,45,,,,,,42
43,Male,Desktop,115,35,,,,,,249
55,Male,Tablet,19,46,,,,,,25
59,Female,Mobile,28,21,,,,,,1138
49,Male,Mobile,85,10,,,,,,398
56,Male,Mobile,111,16,,,,,,1438
62,Female,Mobile,78,7,,,,,,991
63,Male,Tablet,33,4,,,,,,12
53,Male,Tablet,112,27,,,,,,1472
57,Male,Tablet,10,25,,,,,,332
54,Male,Desktop,83,31,,,,,,294
50,Male,Tablet,30,11,,,,,,515
53,Female,Mobile,22,48,,,,,,916
20,Male,Desktop,3,20,,,,,,365
26,Male,Mobile,101,36,,,,,,720
25,Male,Mobile,105,17,,,,,,223
50,Male,Tablet,82,45,,,,,,410
23,Male,Tablet,75,11,,,,,,757
58,Female,Mobile,48,30,,,,,,927
56,Male,Mobile,2,35,,,,,,836
21,Female,Desktop,76,41,,,,,,798
30,Female,Tablet,54,38,,,,,,1248
19,Male,Desktop,6,22,,,,,,599
22,Male,Desktop,107,43,,,,,,111
61,Male,Desktop,40,48,,,,,,585
44,Male,Mobile,108,27,,,,,,613
49,Female,Desktop,93,37,,,,,,1314
38,Male,Desktop,94,46,,,,,,12
25,Male,Mobile,2,49,,,,,,810
55,Male,Tablet,73,35,,,,,,193
25,Male,Tablet,111,4,,,,,,85
20,Male,Desktop,2,16,,,,,,112
61,Male,Mobile,93,16,,,,,,1349
20,Female,Tablet,97,21,,,,,,690
39,Female,Desktop,74,26,,,,,,350
23,Male,Desktop,98,36,,,,,,332
19,Male,Mobile,108,19,,,,,,559
40,Male,Desktop,55,17,,,,,,306
61,Female,Tablet,72,45,,,,,,204
19,Male,Mobile,101,26,,,,,,897
55,Female,Tablet,118,22,,,,,,1447
34,Male,Tablet,60,28,,,,,,1067
52,Male,Tablet,97,1,,,,,,311
51,Male,Desktop,111,44,,,,,,1032
40,Male,Desktop,6,36,,,,,,1105
47,Female,Tablet,108,43,,,,,,472
25,Female,Tablet,104,37,,,,,,183
39,Male,Mobile,109,2,,,,,,649
61,Male,Mobile,19,17,,,,,,280
53,Female,Desktop,96,40,,,,,,1180
22,Female,Desktop,27,38,,,,,,1192
30,Female,Mobile,1,21,,,,,,1318
46,Female,Tablet,107,9,,,,,,1406
48,Male,Desktop,116,13,,,,,,625
64,Female,Tablet,33,11,,,,,,642
33,Male,Mobile,40,16,,,,,,1338
59,Female,Desktop,32,16,,,,,,934
47,Female,Desktop,69,2,,,,,,1417
33,Female,Mobile,17,42,,,,,,187
29,Female,Desktop,8,44,,,,,,1334
34,Female,Mobile,57,8,,,,,,76
33,Male,Desktop,42,43,,,,,,1247
29,Male,Mobile,98,42,,,,,,723
25,Female,Desktop,9,13,,,,,,1201
37,Female,Tablet,87,17,,,,,,1300
20,Male,Tablet,35,39,,,,,,730
33,Female,Tablet,114,24,,,,,,1496
47,Female,Desktop,71,3,,,,,,273
62,Male,Desktop,79,30,,,,,,1048
40,Female,Tablet,53,13,,,,,,582
45,Female,Tablet,54,19,,,,,,999
57,Male,Mobile,84,7,,,,,,819
22,Male,Mobile,114,9,,,,,,151
37,Male,Mobile,25,19,,,,,,1457
57,Female,Tablet,67,45,,,,,,1193
61,Male,Tablet,62,40,,,,,,894
18,Male,Tablet,55,22,,,,,,314
47,Male,Mobile,46,18,,,,,,522
38,Male,Desktop,24,23,,,,,,18
37,Male,Tablet,98,2,,,,,,136
23,Male,Desktop,46,11,,,,,,759
39,Female,Desktop,22,31,,,,,,443
35,Female,Desktop,11,33,,,,,,747
25,Male,Mobile,48,14,,,,,,744
56,Male,Desktop,8,16,,,,,,799
49,Male,Tablet,39,11,,,,,,267
50,Female,Mobile,107,33,,,,,,647
33,Female,Tablet,35,7,,,,,,1253
29,Female,Tablet,49,31,,,,,,262
55,Female,Mobile,46,48,,,,,,1262
51,Female,Tablet,38,46,,,,,,1364
31,Female,Tablet,8,47,,,,,,413
53,Female,Mobile,54,14,,,,,,979
50,Female,Tablet,37,28,,,,,,1052
40,Female,Desktop,91,43,,,,,,275
62,Male,Tablet,92,16,,,,,,1123
19,Male,Desktop,40,19,,,,,,146
58,Male,Tablet,34,17,,,,,,906
38,Male,Mobile,96,26,,,,,,978
19,Female,Mobile,79,6,,,,,,1109
44,Female,Tablet,108,43,,,,,,278
26,Male,Mobile,17,49,,,,,,280
18,Female,Tablet,33,9,,,,,,469
28,Male,Mobile,47,17,,,,,,1236
20,Female,Desktop,110,31,,,,,,1324
40,Male,Tablet,52,12,,,,,,1067
43,Female,Desktop,118,23,,,,,,292
21,Female,Desktop,80,5,,,,,,1152
35,Male,Tablet,93,43,,,,,,880
23,Female,Desktop,9,36,,,,,,1311
52,Male,Tablet,33,36,,,,,,882
39,Male,Desktop,60,3,,,,,,184
60,Male,Tablet,113,24,,,,,,1125
32,Male,Tablet,93,17,,,,,,1219
39,Female,Mobile,77,39,,,,,,1102
54,Female,Tablet,21,26,,,,,,451
59,Female,Tablet,58,4,,,,,,789
29,Male,Desktop,85,45,,,,,,565
64,Female,Tablet,69,12,,,,,,488
59,Male,Mobile,10,1,,,,,,853
55,Female,Desktop,6,21,,,,,,726
35,Female,Desktop,115,19,,,,,,120
62,Female,Mobile,13,21,,,,,,539
52,Male,Desktop,65,18,,,,,,1126
47,Female,Desktop,20,43,,,,,,1356
41,Female,Desktop,57,3,,,,,,411
59,Male,Desktop,111,49,,,,,,1341
47,Female,Mobile,46,44,,,,,,698
31,Male,Mobile,8,32,,,,,,1176
23,Female,Desktop,10,10,,,,,,1370
20,Male,Desktop,73,40,,,,,,499
33,Male,Mobile,113,15,,,,,,952
24,Female,Mobile,105,5,,,,,,27
31,Male,Mobile,67,4,,,,,,1133
26,Male,Desktop,11,28,,,,,,562
32,Male,Desktop,12,4,,,,,,945
38,Male,Tablet,10,15,,,,,,1250
52,Male,Mobile,25,17,,,,,,859
19,Male,Desktop,49,44,,,,,,1043
44,Female,Mobile,49,3,,,,,,895
19,Male,Desktop,89,10,,,,,,82
52,Male,Mobile,11,47,,,,,,1350
35,Female,Desktop,62,42,,,,,,811
31,Female,Tablet,118,23,,,,,,1269
37,Female,Tablet,36,18,,,,,,1046
35,Female,Mobile,39,1,,,,,,772
27,Female,Desktop,53,35,,,,,,458
42,Female,Desktop,90,31,,,,,,1471
19,Female,Mobile,78,44,,,,,,932
42,Male,Desktop,103,1,,,,,,281
50,Male,Mobile,56,3,,,,,,1452
53,Female,Desktop,104,3,,,,,,1055
48,Male,Mobile,1,37,,,,,,518
31,Male,Desktop,56,19,,,,,,468
18,Male,Mobile,118,29,,,,,,811
63,Female,Desktop,4,25,,,,,,828
33,Female,Tablet,30,33,,,,,,367
63,Male,Desktop,12,36,,,,,,1411
20,Female,Mobile,35,29,,,,,,755
52,Male,Tablet,77,26,,,,,,529
58,Male,Desktop,52,4,,,,,,1410
23,Male,Tablet,31,49,,,,,,1212
42,Male,Desktop,102,14,,,,,,1222
30,Female,Tablet,107,27,,,,,,1490
51,Female,Mobile,87,33,,,,,,60
25,Female,Desktop,68,22,,,,,,1258
38,Male,Desktop,52,48,,,,,,493
51,Female,Mobile,80,3,,,,,,1056
21,Male,Tablet,7,23,,,,,,726
42,Female,Mobile,22,21,,,,,,1212
32,Male,Mobile,93,41,,,,,,1453
21,Male,Tablet,75,23,,,,,,1403
62,Male,Mobile,56,4,,,,,,45
29,Female,Desktop,97,21,,,,,,1008
49,Female,Desktop,58,37,,,,,,264
49,Female,Desktop,93,43,,,,,,445
45,Female,Mobile,64,31,,,,,,930
30,Male,Desktop,103,21,,,,,,860
48,Female,Desktop,12,26,,,,,,88
31,Female,Desktop,7,41,,,,,,50
37,Male,Desktop,55,35,,,,,,444
35,Male,Desktop,103,38,,,,,,990
46,Male,Desktop,106,24,,,,,,1466
23,Female,Mobile,62,11,,,,,,140
49,Male,Desktop,112,41,,,,,,1211
46,Male,Desktop,90,29,,,,,,1200
60,Male,Tablet,104,47,,,,,,913
19,Female,Mobile,73,3,,,,,,865
40,Male,Mobile,105,1,,,,,,792
36,Female,Mobile,98,19,,,,,,594
48,Female,Mobile,109,46,,,,,,960
22,Male,Desktop,77,49,,,,,,694
36,Male,Desktop,55,22,,,,,,543
51,Female,Tablet,119,14,,,,,,1148
27,Male,Tablet,36,49,,,,,,1309
42,Male,Mobile,89,14,,,,,,1336
19,Female,Tablet,24,44,,,,,,712
28,Female,Tablet,44,16,,,,,,1305
48,Male,Mobile,17,33,,,,,,299
32,Female,Mobile,2,13,,,,,,57
26,Male,Tablet,13,38,,,,,,810
40,Male,Desktop,31,49,,,,,,1460
36,Male,Tablet,93,12,,,,,,56
26,Female,Tablet,114,38,,,,,,732
52,Male,Desktop,28,39,,,,,,76
38,Male,Desktop,60,33,,,,,,32
26,Male,Mobile,27,33,,,,,,473
45,Female,Mobile,15,29,,,,,,768
63,Female,Tablet,95,5,,,,,,890
24,Female,Desktop,104,6,,,,,,916
33,Female,Mobile,79,31,,,,,,551
33,Female,Tablet,33,16,,,,,,1429
50,Male,Desktop,20,31,,,,,,205
21,Female,Tablet,42,25,,,,,,824
21,Female,Mobile,12,48,,,,,,1494
56,Female,Mobile,101,46,,,,,,564
57,Male,Desktop,73,33,,,,,,383
34,Female,Tablet,23,13,,,,,,1205
54,Female,Desktop,72,10,,,,,,1080
56,Male,Mobile,96,24,,,,,,83
46,Female,Mobile,112,10,,,,,,1413
53,Male,Tablet,14,41,,,,,,838
55,Male,Tablet,91,31,,,,,,1036
56,Male,Tablet,25,13,,,,,,1242
54,Male,Desktop,77,3,,,,,,29
52,Male,Tablet,119,34,,,,,,454
24,Female,Tablet,85,49,,,,,,772
44,Male,Mobile,109,28,,,,,,759
45,Male,Mobile,31,19,,,,,,1485
39,Female,Tablet,101,23,,,,,,1489
31,Male,Tablet,112,45,,,,,,202
24,Female,Mobile,107,32,,,,,,1122
54,Female,Tablet,54,13,,,,,,441
39,Female,Desktop,5,33,,,,,,694
22,Male,Desktop,13,34,,,,,,1406
19,Male,Desktop,28,33,,,,,,591
44,Male,Tablet,43,5,,,,,,108
38,Female,Mobile,89,3,,,,,,631
55,Male,Tablet,115,7,,,,,,1067
32,Male,Tablet,99,24,,,,,,462
38,Male,Mobile,47,22,,,,,,368
27,Female,Mobile,103,45,,,,,,139
40,Female,Mobile,71,23,,,,,,378
56,Male,Desktop,38,30,,,,,,1260
22,Male,Tablet,96,18,,,,,,43
18,Male,Mobile,67,32,,,,,,823
30,Male,Tablet,62,7,,,,,,51
38,Female,Desktop,109,33,,,,,,40
43,Female,Desktop,39,5,,,,,,99
62,Female,Mobile,37,49,,,,,,989
38,Female,Mobile,119,28,,,,,,1389
35,Male,Tablet,114,8,,,,,,1174
54,Male,Mobile,86,15,,,,,,372
62,Male,Tablet,8,4,,,,,,69
49,Female,Mobile,81,34,,,,,,1256
53,Male,Tablet,52,5,,,,,,758
34,Female,Tablet,91,33,,,,,,820
52,Female,Tablet,33,5,,,,,,760
28,Male,Tablet,110,38,,,,,,185
38,Male,Desktop,81,34,,,,,,601
43,Male,Tablet,42,26,,,,,,1183
21,Female,Mobile,76,1,,,,,,791
51,Male,Desktop,112,4,,,,,,631
35,Female,Desktop,110,39,,,,,,1463
57,Male,Tablet,27,26,,,,,,1127
52,Female,Desktop,112,33,,,,,,620
58,Female,Tablet,8,33,,,,,,1400
46,Male,Mobile,23,8,,,,,,1390
46,Female,Tablet,106,20,,,,,,116
55,Female,Desktop,113,16,,,,,,457
59,Male,Mobile,64,21,,,,,,760
38,Female,Tablet,93,45,,,,,,1197
59,Male,Mobile,114,26,,,,,,588
30,Female,Mobile,20,23,,,,,,143
58,Male,Desktop,16,18,,,,,,235
34,Male,Mobile,17,31,,,,,,1267
26,Female,Desktop,80,42,,,,,,988
58,Female,Mobile,19,12,,,,,,257
18,Female,Tablet,8,1,,,,,,1464
19,Female,Mobile,38,42,,,,,,565
46,Female,Tablet,38,9,,,,,,1450
50,Male,Tablet,53,3,,,,,,1331
27,Female,Mobile,93,26,,,,,,76
57,Male,Tablet,105,9,,,,,,1291
38,Male,Mobile,100,42,,,,,,226
45,Female,Mobile,90,16,,,,,,1105
28,Male,Tablet,31,24,,,,,,66
51,Male,Tablet,44,14,,,,,,1499
25,Male,Desktop,60,3,,,,,,1185
39,Male,Tablet,76,34,,,,,,810
25,Female,Desktop,119,33,,,,,,129
32,Male,Tablet,17,24,,,,,,745
34,Female,Mobile,79,9,,,,,,165
40,Female,Tablet,73,13,,,,,,545
41,Male,Mobile,39,2,,,,,,630
62,Female,Mobile,42,7,,,,,,110
36,Female,Mobile,48,48,,,,,,1159
22,Female,Desktop,12,21,,,,,,1385
49,Male,Tablet,96,19,,,,,,780
61,Female,Mobile,89,25,,,,,,6
18,Female,Mobile,103,47,,,,,,237
40,Female,Desktop,18,22,,,,,,373
54,Male,Tablet,79,11,,,,,,1279
25,Female,Tablet,96,33,,,,,,950
30,Male,Desktop,6,32,,,,,,1136
25,Male,Desktop,108,21,,,,,,1304
40,Male,Tablet,43,39,,,,,,184
60,Male,Desktop,116,20,,,,,,297
18,Male,Tablet,35,8,,,,,,588
62,Male,Tablet,98,42,,,,,,799
41,Female,Mobile,102,37,,,,,,179
52,Male,Mobile,54,9,,,,,,127
41,Female,Tablet,62,25,,,,,,231
34,Female,Tablet,69,25,,,,,,448
22,Male,Tablet,82,33,,,,,,432
37,Female,Tablet,16,2,,,,,,1111
38,Female,Tablet,8,19,,,,,,769
57,Female,Tablet,89,46,,,,,,636
48,Female,Desktop,96,20,,,,,,69
63,Male,Tablet,90,42,,,,,,1309
53,Female,Desktop,116,41,,,,,,1419
28,Male,Desktop,86,42,,,,,,432
32,Female,Tablet,31,29,,,,,,622
36,Female,Tablet,107,6,,,,,,929
24,Male,Desktop,10,17,,,,,,816
45,Female,Desktop,56,25,,,,,,111
60,Female,Tablet,76,38,,,,,,663
22,Female,Tablet,117,4,,,,,,1290
22,Male,Desktop,92,30,,,,,,1187
47,Female,Desktop,70,20,,,,,,269
49,Male,Desktop,20,3,,,,,,1496
25,Female,Mobile,5,23,,,,,,1230
27,Male,Desktop,23,18,,,,,,159
55,Male,Mobile,9,26,,,,,,1041
64,Female,Tablet,58,36,,,,,,1325
49,Female,Tablet,59,8,,,,,,900
45,Male,Desktop,93,17,,,,,,997
34,Male,Tablet,80,31,,,,,,249
48,Female,Tablet,54,37,,,,,,1328
25,Male,Tablet,46,45,,,,,,1390
57,Female,Tablet,22,33,,,,,,1382
42,Female,Mobile,64,27,,,,,,390
26,Female,Mobile,8,45,,,,,,763
19,Female,Desktop,20,4,,,,,,1340
32,Male,Desktop,51,22,,,,,,418
20,Female,Desktop,78,26,,,,,,1306
53,Male,Tablet,39,32,,,,,,719
21,Female,Tablet,37,24,,,,,,763
31,Male,Mobile,50,46,,,,,,751
58,Female,Mobile,34,35,,,,,,597
58,Male,Desktop,75,37,,,,,,1384
42,Male,Mobile,118,32,,,,,,843
27,Female,Mobile,104,7,,,,,,20
38,Female,Mobile,33,33,,,,,,997
53,Female,Mobile,31,31,,,,,,1073
29,Female,Mobile,54,12,,,,,,1349
44,Male,Desktop,44,11,,,,,,655
57,Female,Desktop,34,24,,,,,,1354
19,Male,Mobile,114,8,,,,,,152
30,Male,Desktop,71,32,,,,,,359
49,Female,Tablet,113,38,,,,,,1264
48,Male,Mobile,118,22,,,,,,707
33,Male,Tablet,62,34,,,,,,617
49,Male,Desktop,23,19,,,,,,109
49,Male,Desktop,46,20,,,,,,400
51,Female,Tablet,56,14,,,,,,1474
28,Female,Desktop,7,33,,,,,,610
27,Female,Mobile,118,10,,,,,,1248
32,Female,Tablet,89,16,,,,,,855
34,Male,Mobile,61,4,,,,,,446
57,Male,Tablet,3,27,,,,,,877
35,Female,Desktop,38,28,,,,,,671
26,Female,Tablet,84,43,,,,,,1056
42,Female,Tablet,34,16,,,,,,798
57,Male,Mobile,113,33,,,,,,479
31,Female,Desktop,44,48,,,,,,632
42,Female,Mobile,108,19,,,,,,1333
39,Female,Desktop,30,21,,,,,,1433
47,Male,Mobile,17,22,,,,,,506
37,Male,Tablet,59,9,,,,,,352
38,Male,Mobile,10,9,,,,,,1268
61,Male,Desktop,99,9,,,,,,1022
49,Male,Desktop,84,27,,,,,,574
63,Male,Tablet,18,17,,,,,,699
38,Male,Desktop,45,44,,,,,,1365
52,Male,Mobile,108,45,,,,,,30
49,Female,Tablet,91,8,,,,,,1437
47,Female,Desktop,59,16,,,,,,1105
56,Male,Desktop,62,18,,,,,,221
29,Male,Mobile,59,33,,,,,,1356
58,Female,Mobile,49,1,,,,,,841
64,Male,Tablet,100,12,,,,,,778
35,Male,Desktop,63,6,,,,,,1051
38,Male,Mobile,87,41,,,,,,674
30,Female,Tablet,32,5,,,,,,722
38,Female,Desktop,10,16,,,,,,314
25,Female,Desktop,11,18,,,,,,603
63,Female,Tablet,102,49,,,,,,271
57,Female,Tablet,70,18,,,,,,1443
63,Male,Mobile,105,1,,,,,,650
24,Female,Desktop,62,19,,,,,,1295
40,Male,Desktop,47,8,,,,,,1361
61,Male,Desktop,34,3,,,,,,1027
49,Female,Tablet,100,25,,,,,,454
28,Female,Mobile,101,5,,,,,,569
39,Male,Desktop,17,40,,,,,,1275
39,Male,Tablet,104,19,,,,,,1064
60,Male,Desktop,104,18,,,,,,1429
42,Female,Mobile,54,31,,,,,,32
39,Female,Desktop,76,33,,,,,,224
45,Female,Mobile,85,47,,,,,,410
46,Female,Mobile,40,18,,,,,,275
30,Female,Desktop,19,39,,,,,,796
35,Male,Desktop,67,16,,,,,,967
19,Female,Mobile,82,16,,,,,,1314
46,Male,Tablet,53,47,,,,,,1482
38,Male,Mobile,115,38,,,,,,838
32,Male,Desktop,64,41,,,,,,321
44,Female,Desktop,83,7,,,,,,1325
48,Female,Tablet,47,14,,,,,,342
32,Female,Mobile,6,43,,,,,,1335
40,Male,Mobile,16,48,,,,,,1456
41,Male,Mobile,72,25,,,,,,355
61,Male,Desktop,112,32,,,,,,515
30,Male,Mobile,18,38,,,,,,529
39,Male,Tablet,52,22,,,,,,496
60,Male,Desktop,48,16,,,,,,13
54,Female,Desktop,43,29,,,,,,565
50,Female,Mobile,39,16,,,,,,444
20,Female,Tablet,49,12,,,,,,796
36,Female,Desktop,113,17,,,,,,1136
40,Male,Desktop,12,37,,,,,,1273
46,Male,Mobile,109,27,,,,,,1283
47,Female,Mobile,10,25,,,,,,37
56,Male,Tablet,71,13,,,,,,1051
61,Female,Mobile,110,8,,,,,,849
64,Female,Tablet,55,5,,,,,,570
42,Female,Desktop,1,12,,,,,,53
54,Male,Tablet,49,41,,,,,,466
64,Female,Tablet,36,3,,,,,,594
25,Female,Tablet,21,35,,,,,,340
59,Female,Desktop,37,33,,,,,,1386
33,Male,Mobile,116,22,,,,,,1150
25,Male,Desktop,24,44,,,,,,1472
18,Female,Mobile,55,9,,,,,,363
61,Male,Tablet,25,41,,,,,,350
22,Male,Tablet,7,18,,,,,,197
20,Male,Tablet,106,29,,,,,,1444
18,Male,Tablet,81,39,,,,,,1405
21,Male,Tablet,93,27,,,,,,1491
57,Male,Mobile,94,36,,,,,,760
52,Male,Mobile,71,45,,,,,,1174
49,Male,Tablet,97,17,,,,,,482
59,Male,Desktop,71,34,,,,,,832
51,Male,Desktop,24,46,,,,,,894
60,Female,Tablet,11,3,,,,,,657
42,Female,Mobile,73,5,,,,,,412
27,Male,Desktop,12,14,,,,,,290
38,Female,Desktop,35,3,,,,,,855
63,Female,Desktop,63,23,,,,,,115
56,Male,Tablet,68,39,,,,,,624
44,Male,Desktop,100,30,,,,,,797
44,Male,Desktop,92,45,,,,,,54
19,Female,Desktop,57,23,,,,,,1042
58,Female,Desktop,13,27,,,,,,1162
30,Male,Mobile,23,10,,,,,,592
26,Male,Tablet,83,25,,,,,,600
53,Male,Tablet,106,13,,,,,,1371
39,Female,Mobile,101,16,,,,,,674
59,Female,Mobile,39,41,,,,,,1314
43,Female,Tablet,88,34,,,,,,318
29,Female,Desktop,80,37,,,,,,610
34,Male,Desktop,97,22,,,,,,301
31,Male,Tablet,12,17,,,,,,573
31,Male,Desktop,34,23,,,,,,1192
51,Male,Mobile,71,36,,,,,,836
37,Female,Desktop,75,49,,,,,,614
28,Female,Desktop,31,9,,,,,,20
33,Male,Desktop,93,2,,,,,,1372
48,Male,Tablet,62,32,,,,,,1106
23,Female,Mobile,13,22,,,,,,1374
36,Male,Desktop,31,43,,,,,,76
54,Female,Tablet,2,13,,,,,,274
21,Male,Desktop,103,8,,,,,,291
64,Male,Mobile,15,1,,,,,,70
21,Male,Desktop,57,17,,,,,,884
37,Male,Mobile,75,12,,,,,,72
27,Male,Desktop,34,4,,,,,,1221
41,Male,Mobile,103,13,,,,,,1083
52,Male,Desktop,68,31,,,,,,984
43,Female,Mobile,75,41,,,,,,1407
54,Female,Desktop,29,7,,,,,,978
55,Female,Desktop,66,23,,,,,,1196
38,Female,Tablet,16,24,,,,,,1437
57,Female,Tablet,39,5,,,,,,512
56,Male,Mobile,77,5,,,,,,841
38,Male,Desktop,37,17,,,,,,1130
27,Female,Mobile,81,30,,,,,,890
55,Male,Tablet,21,9,,,,,,798
63,Female,Mobile,44,6,,,,,,426
21,Female,Mobile,19,25,,,,,,779
62,Male,Tablet,71,19,,,,,,482
37,Male,Desktop,102,16,,,,,,930
34,Male,Mobile,8,21,,,,,,124
24,Female,Tablet,77,2,,,,,,1319
21,Male,Desktop,101,10,,,,,,492
46,Female,Tablet,66,16,,,,,,1189
31,Female,Mobile,41,37,,,,,,82
20,Female,Desktop,75,15,,,,,,1066
41,Male,Desktop,88,13,,,,,,1422
54,Male,Tablet,70,13,,,,,,445
33,Female,Tablet,61,32,,,,,,466
21,Male,Tablet,26,45,,,,,,616
41,Male,Desktop,71,47,,,,,,1322
51,Male,Desktop,103,46,,,,,,1428
47,Female,Mobile,83,8,,,,,,921
35,Female,Desktop,70,43,,,,,,1120
36,Male,Mobile,107,18,,,,,,613
48,Female,Tablet,29,36,,,,,,10
36,Male,Tablet,107,26,,,,,,685
63,Male,Desktop,103,10,,,,,,899
36,Male,Tablet,66,31,,,,,,275
39,Male,Tablet,19,33,,,,,,815
41,Female,Desktop,68,29,,,,,,563
62,Female,Mobile,58,5,,,,,,103
29,Female,Desktop,70,13,,,,,,530
47,Male,Mobile,113,1,,,,,,198
55,Male,Desktop,57,23,,,,,,1185
48,Male,Desktop,37,40,,,,,,1143
53,Female,Tablet,61,3,,,,,,400
36,Male,Desktop,92,3,,,,,,774
62,Female,Desktop,30,7,,,,,,1028
53,Female,Mobile,71,36,,,,,,884
47,Female,Tablet,73,35,,,,,,1242
50,Female,Mobile,25,15,,,,,,749
35,Female,Mobile,97,40,,,,,,687
45,Female,Tablet,65,3,,,,,,19
64,Male,Tablet,115,29,,,,,,1447
28,Male,Tablet,6,30,,,,,,372
62,Female,Desktop,18,39,,,,,,642
50,Female,Tablet,10,18,,,,,,857
34,Male,Tablet,92,11,,,,,,1241
23,Female,Tablet,11,43,,,,,,704
21,Female,Mobile,97,49,,,,,,9
37,Male,Mobile,65,38,,,,,,235
64,Female,Desktop,77,40,,,,,,1229
44,Female,Mobile,101,1,,,,,,1430
32,Female,Desktop,84,29,,,,,,1177
23,Male,Mobile,65,10,,,,,,1016
64,Male,Tablet,52,28,,,,,,1254
31,Male,Mobile,67,31,,,,,,590
28,Female,Desktop,82,19,,,,,,173
56,Female,Mobile,105,3,,,,,,765
26,Male,Tablet,78,36,,,,,,796
43,Female,Desktop,31,43,,,,,,1004
33,Female,Tablet,91,15,,,,,,156
22,Female,Tablet,17,33,,,,,,1020
27,Female,Desktop,55,41,,,,,,228
20,Female,Tablet,110,43,,,,,,508
30,Male,Tablet,93,45,,,,,,48
60,Female,Mobile,36,26,,,,,,701
47,Male,Tablet,101,16,,,,,,508
62,Female,Tablet,26,36,,,,,,1269
23,Male,Tablet,53,33,,,,,,934
34,Female,Tablet,17,20,,,,,,847
62,Male,Desktop,86,13,,,,,,355
36,Female,Mobile,25,33,,,,,,27
59,Male,Tablet,2,5,,,,,,602
52,Female,Tablet,119,37,,,,,,1071
63,Male,Desktop,86,14,,,,,,470
43,Female,Tablet,5,27,,,,,,44
22,Male,Desktop,4,23,,,,,,307
46,Male,Mobile,36,14,,,,,,179
54,Female,Mobile,6,40,,,,,,1003
37,Female,Tablet,116,4,,,,,,1489
38,Male,Tablet,21,39,,,,,,625
27,Female,Tablet,77,19,,,,,,1221
22,Male,Desktop,118,47,,,,,,248
53,Male,Tablet,101,4,,,,,,840
23,Male,Tablet,119,30,,,,,,284
43,Female,Mobile,89,19,,,,,,1064
21,Male,Tablet,26,31,,,,,,561
56,Male,Mobile,55,31,,,,,,902
56,Female,Tablet,39,9,,,,,,1182
52,Female,Mobile,84,13,,,,,,1051
18,Female,Tablet,33,14,,,,,,723
41,Female,Mobile,14,46,,,,,,936
53,Male,Desktop,56,10,,,,,,95
23,Male,Mobile,100,48,,,,,,394
58,Male,Mobile,81,31,,,,,,1387
63,Male,Mobile,21,37,,,,,,554
61,Female,Tablet,46,23,,,,,,935
48,Male,Tablet,16,27,,,,,,1256
37,Male,Tablet,110,6,,,,,,1230
41,Female,Desktop,16,26,,,,,,1378
42,Male,Desktop,84,2,,,,,,1066
53,Male,Mobile,29,45,,,,,,737
38,Male,Desktop,92,13,,,,,,504
47,Male,Mobile,8,19,,,,,,1071
41,Male,Mobile,88,1,,,,,,875
61,Male,Mobile,3,40,,,,,,521
59,Female,Desktop,89,32,,,,,,72
47,Female,Tablet,19,22,,,,,,127
39,Male,Desktop,97,48,,,,,,340
45,Male,Mobile,66,29,,,,,,1181
24,Female,Mobile,79,2,,,,,,978
52,Male,Desktop,86,40,,,,,,783
45,Male,Mobile,74,38,,,,,,1190
31,Male,Mobile,82,48,,,,,,1242
27,Female,Desktop,22,11,,,,,,1404
33,Male,Desktop,46,17,,,,,,1471
33,Female,Desktop,113,43,,,,,,427
48,Male,Mobile,91,8,,,,,,943
59,Female,Mobile,13,22,,,,,,808
42,Female,Tablet,33,4,,,,,,638
30,Male,Tablet,5,11,,,,,,1258
23,Female,Desktop,90,8,,,,,,1087
61,Male,Tablet,77,9,,,,,,100
26,Female,Mobile,27,26,,,,,,1290
62,Male,Tablet,78,2,,,,,,358
53,Male,Mobile,24,16,,,,,,1340
60,Female,Desktop,67,31,,,,,,1164
37,Male,Desktop,111,6,,,,,,971
35,Male,Mobile,115,21,,,,,,927
60,Female,Tablet,63,26,,,,,,477
38,Male,Desktop,113,19,,,,,,434
21,Male,Desktop,94,28,,,,,,979
50,Female,Tablet,99,8,,,,,,541
44,Female,Tablet,48,14,,,,,,1174
24,Male,Mobile,63,24,,,,,,91
23,Male,Tablet,78,48,,,,,,113
32,Female,Tablet,12,44,,,,,,1451
35,Female,Tablet,28,37,,,,,,1373
49,Male,Mobile,44,26,,,,,,1294
28,Female,Mobile,93,31,,,,,,998
37,Male,Desktop,43,32,,,,,,1361
41,Male,Mobile,17,41,,,,,,826
32,Male,Desktop,40,2,,,,,,1441
24,Male,Tablet,49,25,,,,,,941
38,Male,Desktop,85,44,,,,,,1009
59,Female,Desktop,57,2,,,,,,653
43,Female,Tablet,87,42,,,,,,195
61,Female,Desktop,84,1,,,,,,937
31,Female,Mobile,64,36,,,,,,146
54,Male,Mobile,75,12,,,,,,1101
38,Male,Mobile,57,9,,,,,,844
35,Male,Mobile,98,36,,,,,,1195
22,Male,Desktop,74,41,,,,,,172
20,Female,Desktop,74,28,,,,,,570
40,Male,Tablet,107,38,,,,,,1287
43,Male,Desktop,70,33,,,,,,1467
54,Female,Desktop,100,42,,,,,,1139
41,Female,Desktop,88,46,,,,,,748
36,Female,Tablet,76,22,,,,,,677
42,Female,Mobile,43,25,,,,,,868
38,Male,Desktop,119,18,,,,,,843
29,Male,Tablet,23,6,,,,,,535
58,Female,Tablet,27,18,,,,,,1318
50,Male,Tablet,58,16,,,,,,978
21,Male,Mobile,109,15,,,,,,566
59,Male,Desktop,37,48,,,,,,179
24,Female,Tablet,6,8,,,,,,306
39,Male,Mobile,65,13,,,,,,189
50,Female,Tablet,6,43,,,,,,1367
34,Male,Tablet,50,7,,,,,,514
41,Male,Tablet,22,17,,,,,,823
51,Male,Tablet,105,32,,,,,,1338
45,Female,Tablet,88,22,,,,,,1374
60,Male,Mobile,25,13,,,,,,1109
58,Female,Desktop,79,47,,,,,,1402
56,Female,Desktop,90,23,,,,,,160
39,Female,Desktop,72,29,,,,,,791
34,Male,Desktop,51,22,,,,,,799
51,Male,Mobile,88,1,,,,,,436
23,Male,Mobile,48,29,,,,,,765
63,Male,Mobile,102,48,,,,,,151
23,Female,Tablet,70,5,,,,,,485
51,Female,Tablet,118,35,,,,,,439
18,Female,Tablet,99,10,,,,,,73
27,Male,Desktop,106,19,,,,,,879
38,Female,Tablet,65,37,,,,,,190
22,Male,Desktop,60,7,,,,,,908
19,Female,Tablet,46,46,,,,,,686
39,Male,Desktop,36,35,,,,,,208
19,Male,Tablet,58,45,,,,,,558
27,Female,Tablet,76,13,,,,,,17
51,Female,Mobile,38,10,,,,,,670
33,Female,Tablet,11,2,,,,,,1302
56,Female,Tablet,12,6,,,,,,1326
39,Male,Mobile,42,8,,,,,,55
29,Female,Desktop,114,36,,,,,,504
41,Female,Mobile,39,25,,,,,,373
64,Female,Mobile,71,44,,,,,,728
57,Male,Desktop,11,47,,,,,,361
55,Male,Tablet,36,40,,,,,,1031
27,Female,Desktop,52,7,,,,,,1282
52,Male,Tablet,31,46,,,,,,851
49,Female,Tablet,33,23,,,,,,260
24,Male,Desktop,13,19,,,,,,1178
38,Male,Mobile,18,46,,,,,,283
37,Male,Desktop,41,22,,,,,,1087
43,Male,Tablet,58,13,,,,,,450
21,Female,Desktop,56,21,,,,,,117
63,Female,Desktop,24,1,,,,,,840
39,Female,Tablet,73,19,,,,,,759
32,Male,Mobile,31,33,,,,,,1435
57,Female,Desktop,55,4,,,,,,371
38,Female,Tablet,105,42,,,,,,1088
32,Female,Tablet,10,3,,,,,,333
39,Male,Desktop,60,27,,,,,,732
45,Male,Mobile,2,41,,,,,,1497
31,Male,Desktop,102,35,,,,,,1010
44,Female,Mobile,15,28,,,,,,724
58,Female,Mobile,3,6,,,,,,1091
57,Female,Mobile,43,6,,,,,,188
45,Male,Mobile,31,44,,,,,,1027
43,Male,Desktop,70,23,,,,,,315
19,Female,Tablet,67,33,,,,,,181
42,Male,Tablet,56,16,,,,,,1457
20,Male,Tablet,63,24,,,,,,1101
25,Male,Tablet,75,5,,,,,,851
61,Male,Tablet,15,41,,,,,,1195
50,Female,Tablet,109,42,,,,,,1253
59,Male,Desktop,116,13,,,,,,13
52,Male,Mobile,92,47,,,,,,240
23,Male,Tablet,10,12,,,,,,714
56,Male,Desktop,38,5,,,,,,928
40,Female,Tablet,47,37,,,,,,689
42,Female,Tablet,57,31,,,,,,798
60,Male,Mobile,50,28,,,,,,1056
36,Male,Mobile,114,28,,,,,,812
22,Male,Mobile,71,30,,,,,,31
28,Male,Tablet,15,18,,,,,,554
29,Male,Tablet,18,44,,,,,,1224
27,Male,Tablet,82,27,,,,,,1231
25,Female,Mobile,116,35,,,,,,89
41,Male,Desktop,105,26,,,,,,1058
45,Female,Tablet,88,39,,,,,,470
58,Female,Tablet,2,49,,,,,,1127
53,Male,Tablet,104,18,,,,,,1218
54,Female,Desktop,84,33,,,,,,16
38,Female,Tablet,98,25,,,,,,1017
25,Female,Desktop,43,31,,,,,,1058
26,Female,Tablet,26,37,,,,,,1066
64,Female,Desktop,71,2,,,,,,576
32,Female,Tablet,38,33,,,,,,1322
63,Male,Mobile,94,39,,,,,,1388
57,Female,Mobile,42,43,,,,,,918
35,Female,Mobile,5,43,,,,,,184
59,Female,Mobile,11,32,,,,,,801
37,Male,Tablet,65,18,,,,,,1140
23,Female,Mobile,34,17,,,,,,1472
29,Male,Desktop,1,34,,,,,,1049
19,Female,Mobile,83,39,,,,,,1173
24,Male,Mobile,2,7,,,,,,1174
33,Male,Mobile,85,42,,,,,,445
20,Female,Tablet,20,35,,,,,,891
62,Female,Mobile,61,30,,,,,,425
20,Male,Desktop,87,12,,,,,,1344
44,Female,Mobile,21,35,,,,,,1194
60,Male,Mobile,88,11,,,,,,1231
57,Male,Mobile,68,44,,,,,,472
