Feature,RF_Importance,GBR_Importance
work_study_hours,0.13029016980647748,0.13429111976205033
social_media_hours,0.12062904537361772,0.13012400716479988
gaming_hours,0.12264642892867635,0.12468573416556362
notifications,0.11293875133218126,0.12439025693023313
app_opens,0.11200556958877268,0.10969321126572038
weekend_screen_time,0.09795775370336778,0.10755308548488456
sleep_hours,0.11093783436004438,0.10300994161816772
daily_screen_time,0.09650684452852605,0.09016509508210051
age_online,0.0960876023783363,0.07608754852647973
